Unnamed: 0,year,state,commodity_name,refed_food_department,refed_food_category,acres_planted,acres_harvested,us_dollars_harvested,tons_harvested,percent_maturity
2202,2016,alabama,pecans,dry goods,nuts and seeds,8900.0,8900.0,4467000.0,1100.0,0.5
2203,2016,alabama,peanuts,dry goods,nuts and seeds,175000.0,172000.0,121982000.0,309600.0,0.5
2204,2016,arizona,pecans,dry goods,nuts and seeds,15000.0,15000.0,67208000.0,12400.0,0.5
2205,2016,arkansas,peanuts,dry goods,nuts and seeds,24000.0,23000.0,20424000.0,55200.0,0.5
2206,2016,california,pecans,dry goods,nuts and seeds,3500.0,3500.0,14656000.0,2885.0,0.5
2207,2016,california,walnuts,dry goods,nuts and seeds,315000.0,315000.0,1274650000.0,689000.0,0.5
2208,2016,california,almonds,dry goods,nuts and seeds,970000.0,970000.0,5052460000.0,1070000.0,0.5
2209,2016,california,pistachios,dry goods,nuts and seeds,239000.0,239000.0,1506120000.0,448250.0,0.5
2210,2016,florida,peanuts,dry goods,nuts and seeds,155000.0,146000.0,107076000.0,277400.0,0.5
2211,2016,georgia,pecans,dry goods,nuts and seeds,120000.0,120000.0,272500000.0,54500.0,0.5
2212,2016,georgia,peanuts,dry goods,nuts and seeds,720000.0,706000.0,512132000.0,1376700.0,0.5
2213,2016,hawaii,macadamias,dry goods,nuts and seeds,16500.0,16500.0,42000000.0,21000.0,0.5
2214,2016,louisiana,pecans,dry goods,nuts and seeds,12300.0,12300.0,6175000.0,2000.0,0.5
2215,2016,mississippi,peanuts,dry goods,nuts and seeds,39000.0,38000.0,27664000.0,76000.0,0.5
2216,2016,new mexico,pecans,dry goods,nuts and seeds,40000.0,40000.0,213120000.0,36000.0,0.5
2217,2016,new mexico,peanuts,dry goods,nuts and seeds,8000.0,8000.0,4480000.0,11200.0,0.5
2218,2016,north carolina,peanuts,dry goods,nuts and seeds,101000.0,99000.0,74437000.0,174735.0,0.5
2219,2016,oklahoma,pecans,dry goods,nuts and seeds,94000.0,94000.0,24660000.0,6000.0,0.5
2220,2016,oklahoma,peanuts,dry goods,nuts and seeds,13000.0,12000.0,9368000.0,22200.0,0.5
2221,2016,oregon,hazelnuts,dry goods,nuts and seeds,37000.0,37000.0,118800000.0,44000.0,0.5
2222,2016,south carolina,peanuts,dry goods,nuts and seeds,110000.0,106000.0,65126000.0,169600.0,0.5
2223,2016,texas,pecans,dry goods,nuts and seeds,100000.0,100000.0,94020000.0,19500.0,0.5
2224,2016,texas,peanuts,dry goods,nuts and seeds,305000.0,205000.0,129839000.0,279825.0,0.5
2225,2016,virginia,peanuts,dry goods,nuts and seeds,21000.0,21000.0,15637000.0,38325.0,0.5
2226,2016,california,olives,dry goods,"pickles, olives, and pickled vegetables",40000.0,40000.0,141761000.0,164900.0,0.5
2227,2016,california,apples,produce,apples,14000.0,14000.0,51775000.0,127500.0,0.5
2228,2016,connecticut,apples,produce,apples,1800.0,1800.0,12163000.0,6450.0,0.5
2229,2016,idaho,apples,produce,apples,2200.0,2200.0,9628000.0,27600.0,0.5
2230,2016,illinois,apples,produce,apples,1700.0,1700.0,15783000.0,9350.0,0.5
2231,2016,maine,apples,produce,apples,2700.0,2700.0,16307000.0,16950.0,0.5
2232,2016,maryland,apples,produce,apples,1800.0,1800.0,10615000.0,20300.0,0.5
2233,2016,massachusetts,apples,produce,apples,3100.0,3100.0,13483000.0,15500.0,0.5
2234,2016,michigan,apples,produce,apples,33000.0,33000.0,325195000.0,637500.0,0.5
2235,2016,minnesota,apples,produce,apples,2900.0,2900.0,17052000.0,10750.0,0.5
2236,2016,new jersey,apples,produce,apples,2200.0,2200.0,33590000.0,15950.0,0.5
2237,2016,new york,apples,produce,apples,43000.0,43000.0,345935000.0,625000.0,0.5
2238,2016,north carolina,apples,produce,apples,5600.0,5600.0,26906000.0,57000.0,0.5
2239,2016,ohio,apples,produce,apples,4000.0,4000.0,21656000.0,20950.0,0.5
2240,2016,oregon,apples,produce,apples,5000.0,5000.0,59779000.0,97700.0,0.5
2241,2016,pennsylvania,apples,produce,apples,20000.0,20000.0,89203000.0,233500.0,0.5
2242,2016,vermont,apples,produce,apples,1900.0,1900.0,20419000.0,15000.0,0.5
2243,2016,virginia,apples,produce,apples,10300.0,10300.0,35854000.0,90000.0,0.5
2244,2016,washington,apples,produce,apples,165000.0,165000.0,2350703000.0,3660000.0,0.5
2245,2016,west virginia,apples,produce,apples,4600.0,4600.0,14742000.0,40000.0,0.5
2246,2016,wisconsin,apples,produce,apples,4000.0,4000.0,21819000.0,20500.0,0.5
2247,2016,california,apricots,produce,apricots,10000.0,10000.0,48929000.0,56000.0,0.5
2248,2016,washington,apricots,produce,apricots,1000.0,1000.0,8473000.0,8050.0,0.5
2249,2016,california,artichokes,produce,artichokes,6800.0,6800.0,77697000.0,49300.0,0.5
2250,2016,california,asparagus,produce,asparagus,9400.0,9000.0,30456000.0,10800.0,0.5
2251,2016,michigan,asparagus,produce,asparagus,11400.0,10400.0,22801000.0,13000.0,0.5
2252,2016,new jersey,asparagus,produce,asparagus,2200.0,2100.0,14330000.0,4200.0,0.5
2253,2016,washington,asparagus,produce,asparagus,4600.0,4400.0,24102000.0,13640.0,0.5
2254,2016,california,avocados,produce,avocados,50900.0,50900.0,351240000.0,113000.0,0.5
2255,2016,florida,avocados,produce,avocados,6000.0,6000.0,19080000.0,24100.0,0.5
2256,2016,hawaii,avocados,produce,avocados,800.0,800.0,1934000.0,950.0,0.5
2257,2016,hawaii,bananas,produce,bananas,1050.0,1050.0,5592000.0,2800.0,0.5
2258,2016,california,peppers,produce,bell peppers,17200.0,17100.0,226411000.0,354825.0,0.5
2259,2016,florida,peppers,produce,bell peppers,13500.0,12900.0,125962000.0,190275.0,0.5
2260,2016,georgia,peppers,produce,bell peppers,3300.0,3200.0,32736000.0,48000.0,0.5
2261,2016,michigan,peppers,produce,bell peppers,1800.0,1700.0,16354000.0,22100.0,0.5
2262,2016,new jersey,peppers,produce,bell peppers,3500.0,3400.0,29520000.0,46750.0,0.5
2263,2016,new york,peppers,produce,bell peppers,1000.0,900.0,7700000.0,13050.0,0.5
2264,2016,north carolina,peppers,produce,bell peppers,2400.0,2300.0,18975000.0,28750.0,0.5
2265,2016,ohio,peppers,produce,bell peppers,2000.0,1900.0,21279000.0,23750.0,0.5
2266,2016,pennsylvania,peppers,produce,bell peppers,1000.0,900.0,7063000.0,7425.0,0.5
2267,2016,oregon,blackberries,produce,blackberries,7000.0,7000.0,26387000.0,29180.0,0.5
2268,2016,california,blueberries,produce,blueberries,6400.0,6400.0,108765000.0,30250.0,0.5
2269,2016,florida,blueberries,produce,blueberries,4700.0,4700.0,53656000.0,7350.0,0.5
2270,2016,georgia,blueberries,produce,blueberries,16900.0,16900.0,88305000.0,35400.0,0.5
2271,2016,maine,blueberries,produce,blueberries,23100.0,23100.0,27679000.0,50920.0,0.5
2272,2016,michigan,blueberries,produce,blueberries,20300.0,20300.0,130350000.0,55150.0,0.5
2273,2016,mississippi,blueberries,produce,blueberries,1800.0,1800.0,10947000.0,4100.0,0.5
2274,2016,new jersey,blueberries,produce,blueberries,9300.0,9300.0,59390000.0,22060.0,0.5
2275,2016,new york,blueberries,produce,blueberries,900.0,900.0,3235000.0,695.0,0.5
2276,2016,north carolina,blueberries,produce,blueberries,7200.0,7200.0,66924000.0,23300.0,0.5
2277,2016,oregon,blueberries,produce,blueberries,11900.0,11900.0,104580000.0,58500.0,0.5
2278,2016,washington,blueberries,produce,blueberries,13400.0,13400.0,94008000.0,60000.0,0.5
2279,2016,arizona,broccoli,produce,broccoli,9300.0,9300.0,72205000.0,55800.0,0.5
2280,2016,california,broccoli,produce,broccoli,123000.0,122000.0,774390000.0,1067500.0,0.5
2281,2016,arizona,cabbage,produce,cabbage,3700.0,3700.0,50435000.0,79550.0,0.5
2282,2016,california,cabbage,produce,cabbage,14600.0,14400.0,158976000.0,288000.0,0.5
2283,2016,florida,cabbage,produce,cabbage,8500.0,7900.0,49422000.0,134300.0,0.5
2284,2016,georgia,cabbage,produce,cabbage,4400.0,4100.0,21968000.0,77900.0,0.5
2285,2016,michigan,cabbage,produce,cabbage,3600.0,3500.0,15987000.0,57750.0,0.5
2286,2016,new york,cabbage,produce,cabbage,11000.0,10600.0,70962000.0,204050.0,0.5
2287,2016,north carolina,cabbage,produce,cabbage,3000.0,2900.0,13073000.0,35525.0,0.5
2288,2016,texas,cabbage,produce,cabbage,6100.0,5700.0,35910000.0,99750.0,0.5
2289,2016,wisconsin,cabbage,produce,cabbage,4100.0,4000.0,31721000.0,133000.0,0.5
2290,2016,arizona,cantaloupe,produce,cantaloupe,16000.0,15900.0,63147000.0,186825.0,0.5
2291,2016,california,cantaloupe,produce,cantaloupe,30000.0,29500.0,142485000.0,442500.0,0.5
2292,2016,florida,cantaloupe,produce,cantaloupe,2400.0,2300.0,11861000.0,31050.0,0.5
2293,2016,georgia,cantaloupe,produce,cantaloupe,4100.0,4000.0,12988000.0,34000.0,0.5
2294,2016,indiana,cantaloupe,produce,cantaloupe,1800.0,1700.0,7234000.0,15725.0,0.5
2295,2016,north carolina,cantaloupe,produce,cantaloupe,1200.0,1100.0,6618000.0,10340.0,0.5
2296,2016,pennsylvania,cantaloupe,produce,cantaloupe,1000.0,1000.0,3645000.0,6750.0,0.5
2297,2016,south carolina,cantaloupe,produce,cantaloupe,1700.0,1600.0,7362000.0,17200.0,0.5
2298,2016,texas,cantaloupe,produce,cantaloupe,2000.0,1900.0,5225000.0,11875.0,0.5
2299,2016,california,carrots,produce,carrots,61000.0,60000.0,722395000.0,1155000.0,0.5
2300,2016,michigan,carrots,produce,carrots,4000.0,3900.0,12700000.0,66300.0,0.5
2301,2016,texas,carrots,produce,carrots,2100.0,2000.0,6608000.0,29500.0,0.5
2302,2016,washington,carrots,produce,carrots,7200.0,7100.0,34528000.0,223650.0,0.5
2303,2016,wisconsin,carrots,produce,carrots,4600.0,4500.0,10588000.0,112500.0,0.5
2304,2016,arizona,cauliflower,produce,cauliflower,5400.0,5400.0,70707000.0,44550.0,0.5
2305,2016,california,cauliflower,produce,cauliflower,36500.0,36500.0,345054000.0,328500.0,0.5
2306,2016,california,celery,produce,celery,31700.0,31200.0,303355000.0,826800.0,0.5
2307,2016,michigan,celery,produce,celery,2000.0,1900.0,15966000.0,57000.0,0.5
2308,2016,california,cherries,produce,cherries,33000.0,33000.0,184490000.0,55000.0,0.5
2309,2016,michigan,cherries,produce,cherries,33700.0,33700.0,71975000.0,136110.0,0.5
2310,2016,new york,cherries,produce,cherries,1600.0,1600.0,2400000.0,3950.0,0.5
2311,2016,oregon,cherries,produce,cherries,13000.0,13000.0,79235000.0,62080.0,0.5
2312,2016,utah,cherries,produce,cherries,3300.0,3300.0,17533000.0,26400.0,0.5
2313,2016,washington,cherries,produce,cherries,41300.0,41300.0,500647000.0,224550.0,0.5
2314,2016,wisconsin,cherries,produce,cherries,1700.0,1700.0,4076000.0,6800.0,0.5
2315,2016,arizona,chili peppers,produce,chili peppers,1600.0,1600.0,4439000.0,6080.0,0.5
2316,2016,california,chili peppers,produce,chili peppers,5700.0,5600.0,82921000.0,127400.0,0.5
2317,2016,new mexico,chili peppers,produce,chili peppers,9200.0,8700.0,51028000.0,69600.0,0.5
2318,2016,texas,chili peppers,produce,chili peppers,2600.0,2300.0,6576000.0,5750.0,0.5
2319,2016,massachusetts,cranberries,produce,cranberries,12900.0,12900.0,68911000.0,113400.0,0.5
2320,2016,new jersey,cranberries,produce,cranberries,3100.0,3100.0,27835000.0,32650.0,0.5
2321,2016,oregon,cranberries,produce,cranberries,2800.0,2800.0,10457000.0,20050.0,0.5
2322,2016,washington,cranberries,produce,cranberries,1600.0,1600.0,7742000.0,8770.0,0.5
2323,2016,wisconsin,cranberries,produce,cranberries,21100.0,21100.0,177347000.0,306500.0,0.5
2324,2016,alabama,cucumbers,produce,cucumbers,3600.0,3500.0,4442000.0,16450.0,0.5
2325,2016,california,cucumbers,produce,cucumbers,8400.0,8400.0,34289000.0,75600.0,0.5
2326,2016,delaware,cucumbers,produce,cucumbers,2700.0,2600.0,3620000.0,11570.0,0.5
2327,2016,florida,cucumbers,produce,cucumbers,24300.0,21700.0,118167000.0,195300.0,0.5
2328,2016,georgia,cucumbers,produce,cucumbers,8900.0,8200.0,41924000.0,96350.0,0.5
2329,2016,michigan,cucumbers,produce,cucumbers,41000.0,40400.0,69146000.0,272700.0,0.5
2330,2016,new jersey,cucumbers,produce,cucumbers,3200.0,3100.0,13645000.0,27125.0,0.5
2331,2016,north carolina,cucumbers,produce,cucumbers,11000.0,10800.0,28913000.0,75600.0,0.5
2332,2016,ohio,cucumbers,produce,cucumbers,2100.0,2100.0,4823000.0,12600.0,0.5
2333,2016,south carolina,cucumbers,produce,cucumbers,1400.0,1300.0,4842000.0,10400.0,0.5
2334,2016,texas,cucumbers,produce,cucumbers,6700.0,6400.0,12136000.0,33600.0,0.5
2335,2016,wisconsin,cucumbers,produce,cucumbers,6300.0,6200.0,9210000.0,38750.0,0.5
2336,2016,california,figs,produce,figs,6500.0,6500.0,29779000.0,32700.0,0.5
2337,2016,california,garlic,produce,garlic,30100.0,30100.0,333905000.0,225750.0,0.5
2338,2016,california,grapefruit,produce,grapefruit,9500.0,9500.0,67664000.0,152000.0,0.5
2339,2016,florida,grapefruit,produce,grapefruit,37500.0,37500.0,136224000.0,459000.0,0.5
2340,2016,texas,grapefruit,produce,grapefruit,17100.0,17100.0,50430000.0,192000.0,0.5
2341,2016,california,grapes,produce,grapes,841000.0,841000.0,5620842000.0,6752000.0,0.5
2342,2016,michigan,grapes,produce,grapes,12600.0,12600.0,29127000.0,93400.0,0.5
2343,2016,missouri,grapes,produce,grapes,1700.0,1700.0,4978000.0,5330.0,0.5
2344,2016,new york,grapes,produce,grapes,34000.0,34000.0,63700000.0,171000.0,0.5
2345,2016,north carolina,grapes,produce,grapes,2300.0,2300.0,4386000.0,4900.0,0.5
2346,2016,ohio,grapes,produce,grapes,1500.0,1500.0,3032000.0,5500.0,0.5
2347,2016,oregon,grapes,produce,grapes,22000.0,22000.0,143380000.0,67000.0,0.5
2348,2016,pennsylvania,grapes,produce,grapes,13000.0,13000.0,27151000.0,85800.0,0.5
2349,2016,texas,grapes,produce,grapes,4500.0,4500.0,20664000.0,13600.0,0.5
2350,2016,virginia,grapes,produce,grapes,4000.0,4000.0,16830000.0,8500.0,0.5
2351,2016,washington,grapes,produce,grapes,73000.0,73000.0,360060000.0,490000.0,0.5
2352,2016,california,green beans,produce,green beans,7000.0,7000.0,57689000.0,42000.0,0.5
2353,2016,delaware,green beans,produce,green beans,2300.0,2200.0,2660000.0,7150.0,0.5
2354,2016,florida,green beans,produce,green beans,30000.0,29500.0,82701000.0,81125.0,0.5
2355,2016,georgia,green beans,produce,green beans,14100.0,13400.0,28435000.0,36850.0,0.5
2356,2016,illinois,green beans,produce,green beans,15600.0,15200.0,21435000.0,64600.0,0.5
2357,2016,indiana,green beans,produce,green beans,3200.0,3000.0,4806000.0,13650.0,0.5
2358,2016,maryland,green beans,produce,green beans,4400.0,4400.0,5185000.0,14300.0,0.5
2359,2016,michigan,green beans,produce,green beans,19300.0,18400.0,32263000.0,83720.0,0.5
2360,2016,minnesota,green beans,produce,green beans,5200.0,5000.0,3804000.0,18250.0,0.5
2361,2016,new jersey,green beans,produce,green beans,2900.0,2700.0,3386000.0,4590.0,0.5
2362,2016,new york,green beans,produce,green beans,30600.0,28300.0,52146000.0,99050.0,0.5
2363,2016,north carolina,green beans,produce,green beans,5000.0,4600.0,5829000.0,8970.0,0.5
2364,2016,oregon,green beans,produce,green beans,12200.0,12100.0,17419000.0,81675.0,0.5
2365,2016,pennsylvania,green beans,produce,green beans,10000.0,9400.0,9075000.0,26790.0,0.5
2366,2016,tennessee,green beans,produce,green beans,10600.0,10200.0,25239000.0,32640.0,0.5
2367,2016,texas,green beans,produce,green beans,2500.0,2200.0,1249000.0,6050.0,0.5
2368,2016,washington,green beans,produce,green beans,2900.0,2900.0,4968000.0,13340.0,0.5
2369,2016,wisconsin,green beans,produce,green beans,71800.0,66600.0,45634000.0,366300.0,0.5
2370,2016,california,honeydew,produce,honeydew,12100.0,12100.0,75111000.0,196625.0,0.5
2371,2016,california,kiwifruit,produce,kiwis,3900.0,3900.0,44431000.0,28300.0,0.5
2372,2016,arizona,lemons,produce,lemons,7500.0,7500.0,56792105.26,70000.0,0.5
2373,2016,california,lemons,produce,lemons,47000.0,47000.0,678260000.0,836000.0,0.5
2374,2016,arizona,lettuce,produce,lettuce,73100.0,72600.0,920707000.0,1184700.0,0.5
2375,2016,california,lettuce,produce,lettuce,245600.0,244100.0,2260860000.0,3976350.0,0.5
2376,2016,california,nectarines,produce,nectarines,17000.0,17000.0,122744000.0,141550.0,0.5
2377,2016,washington,nectarines,produce,nectarines,1000.0,1000.0,11047000.0,9800.0,0.5
2378,2016,california,onions,produce,onions,44900.0,43000.0,178165000.0,935250.0,0.5
2379,2016,colorado,onions,produce,onions,3600.0,3100.0,21902000.0,69750.0,0.5
2380,2016,georgia,onions,produce,onions,12400.0,11400.0,115596000.0,148200.0,0.5
2381,2016,idaho,onions,produce,onions,13900.0,13700.0,64994000.0,589100.0,0.5
2382,2016,new mexico,onions,produce,onions,6200.0,6100.0,94465000.0,176900.0,0.5
2383,2016,new york,onions,produce,onions,7200.0,7000.0,46655000.0,108500.0,0.5
2384,2016,oregon,onions,produce,onions,23800.0,23500.0,242676000.0,906000.0,0.5
2385,2016,texas,onions,produce,onions,11000.0,9200.0,64301000.0,135700.0,0.5
2386,2016,washington,onions,produce,onions,31000.0,30900.0,230564000.0,1120125.0,0.5
2387,2016,california,oranges,produce,oranges,157000.0,157000.0,826294000.0,2340000.0,0.5
2388,2016,florida,oranges,produce,oranges,387000.0,387000.0,1070657000.0,3677000.0,0.5
2389,2016,texas,oranges,produce,oranges,7400.0,7400.0,30319000.0,71000.0,0.5
2390,2016,oregon,boysenberries,produce,other berries,340.0,340.0,1345000.0,1080.0,0.5
2391,2016,arizona,dates,produce,other fruit,2200.0,2200.0,21098000.0,6940.0,0.5
2392,2016,california,dates,produce,other fruit,10100.0,10100.0,75156000.0,30400.0,0.5
2393,2016,california,prunes,produce,other fruit,45000.0,45000.0,117720000.0,54000.0,0.5
2394,2016,hawaii,papayas,produce,papayas,700.0,700.0,9713000.0,9880.0,0.5
2395,2016,alabama,peaches,produce,peaches,1500.0,1500.0,4545000.0,3300.0,0.5
2396,2016,california,peaches,produce,peaches,40200.0,40200.0,350285000.0,569000.0,0.5
2397,2016,colorado,peaches,produce,peaches,2500.0,2500.0,27068000.0,13730.0,0.5
2398,2016,georgia,peaches,produce,peaches,10000.0,10000.0,42094000.0,43300.0,0.5
2399,2016,idaho,peaches,produce,peaches,880.0,880.0,6946000.0,7770.0,0.5
2400,2016,illinois,peaches,produce,peaches,1100.0,1100.0,13780000.0,5420.0,0.5
2401,2016,maryland,peaches,produce,peaches,800.0,800.0,3109000.0,2550.0,0.5
2402,2016,michigan,peaches,produce,peaches,2300.0,2300.0,9650000.0,11000.0,0.5
2403,2016,missouri,peaches,produce,peaches,1100.0,1100.0,4414000.0,2570.0,0.5
2404,2016,new jersey,peaches,produce,peaches,4300.0,4300.0,26244000.0,18470.0,0.5
2405,2016,new york,peaches,produce,peaches,1400.0,1400.0,3329000.0,2420.0,0.5
2406,2016,north carolina,peaches,produce,peaches,900.0,900.0,3483000.0,2700.0,0.5
2407,2016,ohio,peaches,produce,peaches,640.0,640.0,2678000.0,1570.0,0.5
2408,2016,pennsylvania,peaches,produce,peaches,4000.0,4000.0,19118000.0,16000.0,0.5
2409,2016,south carolina,peaches,produce,peaches,13000.0,13000.0,67934000.0,63300.0,0.5
2410,2016,texas,peaches,produce,peaches,3000.0,3000.0,9240000.0,4400.0,0.5
2411,2016,utah,peaches,produce,peaches,1200.0,1200.0,6970000.0,5160.0,0.5
2412,2016,virginia,peaches,produce,peaches,1000.0,1000.0,4355000.0,3250.0,0.5
2413,2016,washington,peaches,produce,peaches,2100.0,2100.0,13567000.0,12530.0,0.5
2414,2016,west virginia,peaches,produce,peaches,950.0,950.0,3815000.0,3500.0,0.5
2415,2016,california,pears,produce,pears,10400.0,10400.0,95853000.0,175000.0,0.5
2416,2016,oregon,pears,produce,pears,14900.0,14900.0,154082000.0,214910.0,0.5
2417,2016,washington,pears,produce,pears,20800.0,20800.0,235828000.0,348860.0,0.5
2418,2016,illinois,peas,produce,peas,7100.0,6600.0,4047000.0,14850.0,0.5
2419,2016,minnesota,peas,produce,peas,52300.0,46300.0,23808000.0,94915.0,0.5
2420,2016,new york,peas,produce,peas,8300.0,8100.0,3482000.0,14175.0,0.5
2421,2016,oregon,peas,produce,peas,20900.0,18900.0,10884000.0,37800.0,0.5
2422,2016,washington,peas,produce,peas,34200.0,32300.0,27593000.0,80750.0,0.5
2423,2016,wisconsin,peas,produce,peas,28700.0,27100.0,13007000.0,63685.0,0.5
2424,2016,california,plums,produce,plums,15000.0,15000.0,87460000.0,108800.0,0.5
2425,2016,alaska,potatoes,produce,potatoes,550.0,530.0,3308000.0,7950.0,0.5
2426,2016,california,potatoes,produce,potatoes,39400.0,38300.0,279443000.0,768600.0,0.5
2427,2016,california,sweet potatoes,produce,potatoes,20000.0,20000.0,143220000.0,310000.0,0.5
2428,2016,colorado,potatoes,produce,potatoes,57300.0,57100.0,213466000.0,1111800.0,0.5
2429,2016,florida,potatoes,produce,potatoes,25000.0,22900.0,86650000.0,269100.0,0.5
2430,2016,idaho,potatoes,produce,potatoes,325000.0,324000.0,968274000.0,6966000.0,0.5
2431,2016,illinois,potatoes,produce,potatoes,7500.0,7400.0,28159000.0,140600.0,0.5
2432,2016,kansas,potatoes,produce,potatoes,4200.0,4200.0,11592000.0,63000.0,0.5
2433,2016,louisiana,sweet potatoes,produce,potatoes,10000.0,9500.0,32376000.0,76000.0,0.5
2434,2016,maine,potatoes,produce,potatoes,47000.0,46500.0,173800000.0,755650.0,0.5
2435,2016,michigan,potatoes,produce,potatoes,48000.0,47000.0,177378000.0,869500.0,0.5
2436,2016,minnesota,potatoes,produce,potatoes,44000.0,43000.0,155660000.0,860000.0,0.5
2437,2016,mississippi,sweet potatoes,produce,potatoes,30000.0,29000.0,112404000.0,246500.0,0.5
2438,2016,missouri,potatoes,produce,potatoes,8200.0,7900.0,26751000.0,120500.0,0.5
2439,2016,montana,potatoes,produce,potatoes,11100.0,11000.0,46800000.0,184250.0,0.5
2440,2016,nebraska,potatoes,produce,potatoes,16500.0,16400.0,81180000.0,369000.0,0.5
2441,2016,new york,potatoes,produce,potatoes,15000.0,14800.0,44755000.0,177600.0,0.5
2442,2016,north carolina,potatoes,produce,potatoes,14000.0,13600.0,32613000.0,149600.0,0.5
2443,2016,north carolina,sweet potatoes,produce,potatoes,98000.0,95000.0,309510000.0,855000.0,0.5
2444,2016,north dakota,potatoes,produce,potatoes,80000.0,72000.0,222480000.0,1080000.0,0.5
2445,2016,oregon,potatoes,produce,potatoes,45000.0,44900.0,209279000.0,1324550.0,0.5
2446,2016,texas,potatoes,produce,potatoes,21500.0,21000.0,141845000.0,414750.0,0.5
2447,2016,virginia,potatoes,produce,potatoes,4400.0,4100.0,18192000.0,59450.0,0.5
2448,2016,washington,potatoes,produce,potatoes,170000.0,169000.0,813313000.0,5281250.0,0.5
2449,2016,wisconsin,potatoes,produce,potatoes,69000.0,68000.0,343128000.0,1479000.0,0.5
2450,2016,california,pumpkins,produce,pumpkins,4900.0,4800.0,23976000.0,64800.0,0.5
2451,2016,illinois,pumpkins,produce,pumpkins,18100.0,17400.0,42824000.0,339300.0,0.5
2452,2016,indiana,pumpkins,produce,pumpkins,7100.0,7000.0,13608000.0,47250.0,0.5
2453,2016,michigan,pumpkins,produce,pumpkins,5400.0,5100.0,11909000.0,39525.0,0.5
2454,2016,minnesota,pumpkins,produce,pumpkins,2100.0,2000.0,3950000.0,11000.0,0.5
2455,2016,new jersey,pumpkins,produce,pumpkins,2100.0,2000.0,5340000.0,10000.0,0.5
2456,2016,new york,pumpkins,produce,pumpkins,6500.0,5700.0,12717000.0,32775.0,0.5
2457,2016,north carolina,pumpkins,produce,pumpkins,3100.0,2900.0,18661000.0,37700.0,0.5
2458,2016,ohio,pumpkins,produce,pumpkins,3800.0,3500.0,9362000.0,26250.0,0.5
2459,2016,oregon,pumpkins,produce,pumpkins,2200.0,2100.0,5146000.0,24150.0,0.5
2460,2016,pennsylvania,pumpkins,produce,pumpkins,7400.0,7000.0,24158000.0,59500.0,0.5
2461,2016,tennessee,pumpkins,produce,pumpkins,1500.0,1400.0,4641000.0,10500.0,0.5
2462,2016,texas,pumpkins,produce,pumpkins,4400.0,4000.0,17056000.0,82000.0,0.5
2463,2016,virginia,pumpkins,produce,pumpkins,3800.0,3600.0,18421000.0,30600.0,0.5
2464,2016,washington,pumpkins,produce,pumpkins,3000.0,2900.0,13538000.0,26100.0,0.5
2465,2016,wisconsin,pumpkins,produce,pumpkins,3700.0,3200.0,6254000.0,17600.0,0.5
2466,2016,california,raspberries,produce,raspberries,8450.0,8450.0,303355000.0,84835.0,0.5
2467,2016,oregon,raspberries,produce,raspberries,1750.0,1750.0,9260000.0,4275.0,0.5
2468,2016,washington,raspberries,produce,raspberries,9610.0,9610.0,67970000.0,40055.0,0.5
2469,2016,arizona,spinach,produce,spinach,11200.0,11200.0,93139000.0,100800.0,0.5
2470,2016,california,spinach,produce,spinach,40000.0,39000.0,256978000.0,253500.0,0.5
2471,2016,new jersey,spinach,produce,spinach,2500.0,2400.0,14111000.0,19800.0,0.5
2472,2016,texas,spinach,produce,spinach,4200.0,4000.0,10245000.0,49000.0,0.5
2473,2016,california,squash,produce,squash,7900.0,7800.0,43796000.0,78000.0,0.5
2474,2016,florida,squash,produce,squash,7400.0,6900.0,35787000.0,39675.0,0.5
2475,2016,georgia,squash,produce,squash,3700.0,3600.0,22572000.0,29700.0,0.5
2476,2016,michigan,squash,produce,squash,9600.0,9300.0,33570000.0,111600.0,0.5
2477,2016,new jersey,squash,produce,squash,3100.0,2900.0,10921000.0,16675.0,0.5
2478,2016,new york,squash,produce,squash,5800.0,5600.0,27936000.0,47600.0,0.5
2479,2016,north carolina,squash,produce,squash,3800.0,3700.0,7326000.0,12210.0,0.5
2480,2016,oregon,squash,produce,squash,4400.0,4400.0,10981000.0,63800.0,0.5
2481,2016,texas,squash,produce,squash,2000.0,1900.0,7042000.0,8550.0,0.5
2482,2016,california,strawberries,produce,strawberries,38200.0,38200.0,2849626000.0,1356100.0,0.5
2483,2016,florida,strawberries,produce,strawberries,9500.0,9500.0,323285000.0,97375.0,0.5
2484,2016,new york,strawberries,produce,strawberries,1260.0,1260.0,11844000.0,2520.0,0.5
2485,2016,north carolina,strawberries,produce,strawberries,1100.0,1100.0,24684000.0,6600.0,0.5
2486,2016,oregon,strawberries,produce,strawberries,2400.0,2400.0,20195000.0,11640.0,0.5
2487,2016,washington,strawberries,produce,strawberries,1300.0,1300.0,14077000.0,6110.0,0.5
2488,2016,california,sweet corn,produce,sweet corn,35000.0,34900.0,163751000.0,296650.0,0.5
2489,2016,delaware,sweet corn,produce,sweet corn,10000.0,9800.0,14262000.0,61250.0,0.5
2490,2016,florida,sweet corn,produce,sweet corn,37600.0,34500.0,160080000.0,250125.0,0.5
2491,2016,georgia,sweet corn,produce,sweet corn,27000.0,26000.0,87750000.0,195000.0,0.5
2492,2016,idaho,sweet corn,produce,sweet corn,4300.0,4200.0,10352000.0,23100.0,0.5
2493,2016,illinois,sweet corn,produce,sweet corn,15500.0,14600.0,16962000.0,105850.0,0.5
2494,2016,indiana,sweet corn,produce,sweet corn,5300.0,5000.0,11160000.0,18000.0,0.5
2495,2016,maryland,sweet corn,produce,sweet corn,7300.0,7200.0,13121000.0,55800.0,0.5
2496,2016,michigan,sweet corn,produce,sweet corn,9800.0,9200.0,21818000.0,42780.0,0.5
2497,2016,minnesota,sweet corn,produce,sweet corn,120000.0,114000.0,73592000.0,798000.0,0.5
2498,2016,new jersey,sweet corn,produce,sweet corn,6500.0,6400.0,15983000.0,27520.0,0.5
2499,2016,new york,sweet corn,produce,sweet corn,28900.0,26600.0,48720000.0,126350.0,0.5
2500,2016,ohio,sweet corn,produce,sweet corn,11000.0,10000.0,26896000.0,41000.0,0.5
2501,2016,oregon,sweet corn,produce,sweet corn,25000.0,24900.0,43343000.0,242775.0,0.5
2502,2016,pennsylvania,sweet corn,produce,sweet corn,11600.0,10800.0,25182000.0,35100.0,0.5
2503,2016,washington,sweet corn,produce,sweet corn,82000.0,80000.0,88691000.0,800000.0,0.5
2504,2016,wisconsin,sweet corn,produce,sweet corn,61500.0,60300.0,48958000.0,512550.0,0.5
2505,2016,florida,tangelos,produce,tangelos,2500.0,2500.0,8784000.0,18000.0,0.5
2506,2016,florida,tangerines,produce,tangerines,8300.0,8300.0,32784000.0,67000.0,0.5
2507,2016,california,tomatoes,produce,tomatoes,287500.0,285300.0,1310483000.0,13038210.0,0.5
2508,2016,florida,tomatoes,produce,tomatoes,30000.0,28000.0,382200000.0,364000.0,0.5
2509,2016,indiana,tomatoes,produce,tomatoes,8300.0,8000.0,30954000.0,260000.0,0.5
2510,2016,michigan,tomatoes,produce,tomatoes,6000.0,5700.0,33919000.0,158175.0,0.5
2511,2016,new jersey,tomatoes,produce,tomatoes,3900.0,3800.0,51626000.0,49400.0,0.5
2512,2016,north carolina,tomatoes,produce,tomatoes,3500.0,3400.0,57127000.0,52700.0,0.5
2513,2016,ohio,tomatoes,produce,tomatoes,5800.0,5600.0,46862000.0,141400.0,0.5
2514,2016,south carolina,tomatoes,produce,tomatoes,3400.0,3300.0,32340000.0,46200.0,0.5
2515,2016,tennessee,tomatoes,produce,tomatoes,3900.0,3600.0,48310000.0,60300.0,0.5
2516,2016,virginia,tomatoes,produce,tomatoes,2600.0,2400.0,23184000.0,25200.0,0.5
2517,2016,arizona,watermelon,produce,watermelons,5500.0,5500.0,35244000.0,122375.0,0.5
2518,2016,california,watermelon,produce,watermelons,10500.0,10400.0,102211000.0,280800.0,0.5
2519,2016,delaware,watermelon,produce,watermelons,3900.0,3800.0,19418000.0,69350.0,0.5
2520,2016,florida,watermelon,produce,watermelons,22500.0,22200.0,125097000.0,388500.0,0.5
2521,2016,georgia,watermelon,produce,watermelons,21000.0,20900.0,83140000.0,355300.0,0.5
2522,2016,indiana,watermelon,produce,watermelons,6700.0,6600.0,34056000.0,141900.0,0.5
2523,2016,maryland,watermelon,produce,watermelons,4600.0,4200.0,16953000.0,72450.0,0.5
2524,2016,missouri,watermelon,produce,watermelons,2800.0,2700.0,12192000.0,52650.0,0.5
2525,2016,north carolina,watermelon,produce,watermelons,6600.0,6300.0,20576000.0,72450.0,0.5
2526,2016,south carolina,watermelon,produce,watermelons,4700.0,4400.0,23918000.0,79200.0,0.5
2527,2016,texas,watermelon,produce,watermelons,28000.0,25000.0,73950000.0,362500.0,0.5
2528,2017,alabama,pecans,dry goods,nuts and seeds,8400.0,8400.0,3628000.0,925.0,0.5
2529,2017,alabama,peanuts,dry goods,nuts and seeds,195000.0,193000.0,155683000.0,352225.0,0.5
2530,2017,arizona,pecans,dry goods,nuts and seeds,16000.0,16000.0,70000000.0,14000.0,0.5
2531,2017,arkansas,peanuts,dry goods,nuts and seeds,30000.0,29000.0,32277000.0,76850.0,0.5
2532,2017,california,almonds,dry goods,nuts and seeds,1030000.0,1030000.0,5603950000.0,1135000.0,0.5
2533,2017,california,pistachios,dry goods,nuts and seeds,250000.0,250000.0,1014507000.0,300150.0,0.5
2534,2017,california,walnuts,dry goods,nuts and seeds,335000.0,335000.0,1568700000.0,630000.0,0.5
2535,2017,california,pecans,dry goods,nuts and seeds,3600.0,3600.0,11500000.0,2500.0,0.5
2536,2017,florida,peanuts,dry goods,nuts and seeds,195000.0,185000.0,146159000.0,319125.0,0.5
2537,2017,georgia,pecans,dry goods,nuts and seeds,120000.0,120000.0,256800000.0,53500.0,0.5
2538,2017,georgia,peanuts,dry goods,nuts and seeds,835000.0,825000.0,789467000.0,1786125.0,0.5
2539,2017,hawaii,macadamias,dry goods,nuts and seeds,17000.0,17000.0,53900000.0,24500.0,0.5
2540,2017,louisiana,pecans,dry goods,nuts and seeds,12300.0,12300.0,12250000.0,4000.0,0.5
2541,2017,mississippi,peanuts,dry goods,nuts and seeds,44000.0,43000.0,35432000.0,86000.0,0.5
2542,2017,new mexico,pecans,dry goods,nuts and seeds,43500.0,43500.0,220800000.0,46000.0,0.5
2543,2017,new mexico,peanuts,dry goods,nuts and seeds,7600.0,7600.0,7687000.0,13300.0,0.5
2544,2017,north carolina,peanuts,dry goods,nuts and seeds,119000.0,117000.0,113689000.0,239850.0,0.5
2545,2017,oklahoma,pecans,dry goods,nuts and seeds,86000.0,86000.0,24230000.0,7000.0,0.5
2546,2017,oklahoma,peanuts,dry goods,nuts and seeds,22000.0,21000.0,19845000.0,39690.0,0.5
2547,2017,oregon,hazelnuts,dry goods,nuts and seeds,40000.0,40000.0,73600000.0,32000.0,0.5
2548,2017,south carolina,peanuts,dry goods,nuts and seeds,122000.0,118000.0,105728000.0,236000.0,0.5
2549,2017,texas,pecans,dry goods,nuts and seeds,115000.0,115000.0,110010000.0,24500.0,0.5
2550,2017,texas,peanuts,dry goods,nuts and seeds,275000.0,210000.0,199399000.0,348600.0,0.5
2551,2017,virginia,peanuts,dry goods,nuts and seeds,27000.0,27000.0,28651000.0,59940.0,0.5
2552,2017,california,olives,dry goods,"pickles, olives, and pickled vegetables",40000.0,40000.0,186649000.0,192300.0,0.5
2553,2017,california,apples,produce,apples,13000.0,13000.0,74980000.0,115000.0,0.5
2554,2017,connecticut,apples,produce,apples,1800.0,1800.0,19895000.0,14750.0,0.5
2555,2017,idaho,apples,produce,apples,2100.0,2100.0,8150000.0,23700.0,0.5
2556,2017,illinois,apples,produce,apples,1700.0,1700.0,13840000.0,11200.0,0.5
2557,2017,maine,apples,produce,apples,2700.0,2700.0,16473000.0,19600.0,0.5
2558,2017,maryland,apples,produce,apples,1800.0,1800.0,9278000.0,24200.0,0.5
2559,2017,massachusetts,apples,produce,apples,3300.0,3300.0,18539000.0,24800.0,0.5
2560,2017,michigan,apples,produce,apples,33000.0,33000.0,272310000.0,450000.0,0.5
2561,2017,minnesota,apples,produce,apples,2900.0,2900.0,20900000.0,12850.0,0.5
2562,2017,new jersey,apples,produce,apples,2200.0,2200.0,34890000.0,19250.0,0.5
2563,2017,new york,apples,produce,apples,43600.0,43600.0,357238000.0,675000.0,0.5
2564,2017,north carolina,apples,produce,apples,5200.0,5200.0,25199000.0,52000.0,0.5
2565,2017,ohio,apples,produce,apples,4000.0,4000.0,27702000.0,29450.0,0.5
2566,2017,oregon,apples,produce,apples,5000.0,5000.0,38674000.0,87600.0,0.5
2567,2017,pennsylvania,apples,produce,apples,20000.0,20000.0,117287000.0,264000.0,0.5
2568,2017,vermont,apples,produce,apples,2100.0,2100.0,22789000.0,15450.0,0.5
2569,2017,virginia,apples,produce,apples,10000.0,10000.0,48557000.0,112500.0,0.5
2570,2017,washington,apples,produce,apples,165000.0,165000.0,2430353000.0,3750000.0,0.5
2571,2017,west virginia,apples,produce,apples,4800.0,4800.0,18096000.0,51000.0,0.5
2572,2017,wisconsin,apples,produce,apples,4000.0,4000.0,26297000.0,24500.0,0.5
2573,2017,california,apricots,produce,apricots,10300.0,10300.0,34870000.0,37000.0,0.5
2574,2017,washington,apricots,produce,apricots,1000.0,1000.0,9686000.0,8650.0,0.5
2575,2017,california,artichokes,produce,artichokes,7200.0,7200.0,65520000.0,46800.0,0.5
2576,2017,california,asparagus,produce,asparagus,8300.0,8000.0,34650000.0,10000.0,0.5
2577,2017,michigan,asparagus,produce,asparagus,12000.0,11300.0,26136000.0,15255.0,0.5
2578,2017,new jersey,asparagus,produce,asparagus,2200.0,2100.0,13054000.0,3570.0,0.5
2579,2017,washington,asparagus,produce,asparagus,5100.0,4900.0,26832000.0,13230.0,0.5
2580,2017,california,avocados,produce,avocados,51500.0,51500.0,382460000.0,170000.0,0.5
2581,2017,florida,avocados,produce,avocados,5900.0,5900.0,8014000.0,16900.0,0.5
2582,2017,hawaii,avocados,produce,avocados,740.0,740.0,1538000.0,780.0,0.5
2583,2017,hawaii,bananas,produce,bananas,950.0,950.0,6028000.0,3330.0,0.5
2584,2017,california,peppers,produce,bell peppers,16000.0,15900.0,282452000.0,333900.0,0.5
2585,2017,florida,peppers,produce,bell peppers,12500.0,12000.0,188940000.0,201000.0,0.5
2586,2017,georgia,peppers,produce,bell peppers,3500.0,3400.0,43581000.0,49300.0,0.5
2587,2017,michigan,peppers,produce,bell peppers,2300.0,2200.0,15318000.0,28050.0,0.5
2588,2017,new jersey,peppers,produce,bell peppers,3500.0,3400.0,39381000.0,47600.0,0.5
2589,2017,new york,peppers,produce,bell peppers,1000.0,900.0,5196000.0,5175.0,0.5
2590,2017,north carolina,peppers,produce,bell peppers,2200.0,2100.0,25487000.0,28350.0,0.5
2591,2017,ohio,peppers,produce,bell peppers,1400.0,1300.0,11700000.0,14625.0,0.5
2592,2017,pennsylvania,peppers,produce,bell peppers,1100.0,1000.0,13522000.0,11500.0,0.5
2593,2017,oregon,blackberries,produce,blackberries,6300.0,6300.0,31115000.0,20125.0,0.5
2594,2017,california,blueberries,produce,blueberries,6600.0,6600.0,137596000.0,31515.0,0.5
2595,2017,florida,blueberries,produce,blueberries,5200.0,5200.0,84633000.0,10035.0,0.5
2596,2017,georgia,blueberries,produce,blueberries,8800.0,8800.0,73527000.0,16455.0,0.5
2597,2017,maine,blueberries,produce,blueberries,17000.0,17000.0,17561000.0,33900.0,0.5
2598,2017,michigan,blueberries,produce,blueberries,20000.0,20000.0,116400000.0,51000.0,0.5
2599,2017,mississippi,blueberries,produce,blueberries,1500.0,1500.0,5755000.0,1935.0,0.5
2600,2017,new jersey,blueberries,produce,blueberries,9300.0,9300.0,77882000.0,20590.0,0.5
2601,2017,new york,blueberries,produce,blueberries,800.0,800.0,3771000.0,810.0,0.5
2602,2017,north carolina,blueberries,produce,blueberries,6300.0,6300.0,53797000.0,12850.0,0.5
2603,2017,oregon,blueberries,produce,blueberries,11700.0,11700.0,147665000.0,55390.0,0.5
2604,2017,washington,blueberries,produce,blueberries,13700.0,13700.0,114882000.0,58690.0,0.5
2605,2017,arizona,broccoli,produce,broccoli,9600.0,9600.0,75533000.0,67200.0,0.5
2606,2017,california,broccoli,produce,broccoli,120000.0,119000.0,850183000.0,952000.0,0.5
2607,2017,arizona,cabbage,produce,cabbage,3300.0,3300.0,29164000.0,83325.0,0.5
2608,2017,california,cabbage,produce,cabbage,14900.0,14500.0,158625000.0,275500.0,0.5
2609,2017,florida,cabbage,produce,cabbage,9000.0,8600.0,47508000.0,154800.0,0.5
2610,2017,georgia,cabbage,produce,cabbage,4100.0,3800.0,20583000.0,79800.0,0.5
2611,2017,michigan,cabbage,produce,cabbage,4000.0,3900.0,14619000.0,66300.0,0.5
2612,2017,new york,cabbage,produce,cabbage,13200.0,12700.0,74434000.0,263525.0,0.5
2613,2017,north carolina,cabbage,produce,cabbage,2800.0,2700.0,11416000.0,37800.0,0.5
2614,2017,texas,cabbage,produce,cabbage,6400.0,6000.0,32040000.0,90000.0,0.5
2615,2017,wisconsin,cabbage,produce,cabbage,5200.0,5100.0,42918000.0,140250.0,0.5
2616,2017,arizona,cantaloupe,produce,cantaloupe,16000.0,15700.0,84427000.0,176625.0,0.5
2617,2017,california,cantaloupe,produce,cantaloupe,35000.0,34300.0,155636000.0,471625.0,0.5
2618,2017,florida,cantaloupe,produce,cantaloupe,2300.0,2200.0,10296000.0,28600.0,0.5
2619,2017,georgia,cantaloupe,produce,cantaloupe,4600.0,4500.0,15498000.0,31500.0,0.5
2620,2017,indiana,cantaloupe,produce,cantaloupe,1600.0,1500.0,8280000.0,17250.0,0.5
2621,2017,north carolina,cantaloupe,produce,cantaloupe,1300.0,1200.0,6396000.0,12300.0,0.5
2622,2017,pennsylvania,cantaloupe,produce,cantaloupe,1000.0,950.0,4442000.0,6890.0,0.5
2623,2017,south carolina,cantaloupe,produce,cantaloupe,1000.0,900.0,5720000.0,13950.0,0.5
2624,2017,texas,cantaloupe,produce,cantaloupe,2100.0,2000.0,5280000.0,11000.0,0.5
2625,2017,california,carrots,produce,carrots,62500.0,58500.0,635624000.0,1082250.0,0.5
2626,2017,michigan,carrots,produce,carrots,4100.0,4000.0,14948000.0,74000.0,0.5
2627,2017,texas,carrots,produce,carrots,2000.0,1900.0,4771000.0,22800.0,0.5
2628,2017,washington,carrots,produce,carrots,7100.0,7000.0,31966000.0,245000.0,0.5
2629,2017,wisconsin,carrots,produce,carrots,4500.0,4500.0,8820000.0,126000.0,0.5
2630,2017,arizona,cauliflower,produce,cauliflower,5800.0,5700.0,86153000.0,52725.0,0.5
2631,2017,california,cauliflower,produce,cauliflower,40900.0,40100.0,329584000.0,401000.0,0.5
2632,2017,california,celery,produce,celery,30000.0,29700.0,305411000.0,742500.0,0.5
2633,2017,michigan,celery,produce,celery,2200.0,2100.0,16636000.0,61950.0,0.5
2634,2017,california,cherries,produce,cherries,33000.0,33000.0,330773000.0,97800.0,0.5
2635,2017,michigan,cherries,produce,cherries,33000.0,33000.0,55783000.0,115900.0,0.5
2636,2017,new york,cherries,produce,cherries,1400.0,1400.0,2436000.0,4000.0,0.5
2637,2017,oregon,cherries,produce,cherries,13000.0,13000.0,70210000.0,55900.0,0.5
2638,2017,utah,cherries,produce,cherries,3300.0,3300.0,7600000.0,13000.0,0.5
2639,2017,washington,cherries,produce,cherries,42500.0,42500.0,479609000.0,275050.0,0.5
2640,2017,wisconsin,cherries,produce,cherries,1600.0,1600.0,2109000.0,5650.0,0.5
2641,2017,arizona,chili peppers,produce,chili peppers,1400.0,1200.0,2039000.0,3900.0,0.5
2642,2017,california,chili peppers,produce,chili peppers,4900.0,4800.0,58874000.0,93600.0,0.5
2643,2017,new mexico,chili peppers,produce,chili peppers,8100.0,7600.0,44553000.0,62700.0,0.5
2644,2017,texas,chili peppers,produce,chili peppers,2700.0,2400.0,8096000.0,6600.0,0.5
2645,2017,massachusetts,cranberries,produce,cranberries,12300.0,12300.0,59652000.0,95570.0,0.5
2646,2017,new jersey,cranberries,produce,cranberries,2700.0,2700.0,17254000.0,23665.0,0.5
2647,2017,oregon,cranberries,produce,cranberries,2800.0,2800.0,12777000.0,24485.0,0.5
2648,2017,washington,cranberries,produce,cranberries,1500.0,1500.0,6264000.0,7382.5,0.5
2649,2017,wisconsin,cranberries,produce,cranberries,20600.0,20600.0,156141000.0,268600.0,0.5
2650,2017,alabama,cucumbers,produce,cucumbers,5600.0,5400.0,16659000.0,37800.0,0.5
2651,2017,california,cucumbers,produce,cucumbers,8200.0,8200.0,35485000.0,71750.0,0.5
2652,2017,florida,cucumbers,produce,cucumbers,26000.0,25900.0,137601000.0,265475.0,0.5
2653,2017,georgia,cucumbers,produce,cucumbers,9500.0,9500.0,43853000.0,83125.0,0.5
2654,2017,michigan,cucumbers,produce,cucumbers,38000.0,37500.0,79739000.0,281250.0,0.5
2655,2017,new jersey,cucumbers,produce,cucumbers,3000.0,2900.0,16431000.0,23200.0,0.5
2656,2017,north carolina,cucumbers,produce,cucumbers,10500.0,10500.0,28699000.0,84000.0,0.5
2657,2017,ohio,cucumbers,produce,cucumbers,2100.0,2000.0,5376000.0,17000.0,0.5
2658,2017,texas,cucumbers,produce,cucumbers,6700.0,6100.0,11590000.0,30500.0,0.5
2659,2017,wisconsin,cucumbers,produce,cucumbers,6100.0,5900.0,11531000.0,36875.0,0.5
2660,2017,california,figs,produce,figs,6700.0,6700.0,28568000.0,31200.0,0.5
2661,2017,california,garlic,produce,garlic,33000.0,33000.0,390021000.0,255750.0,0.5
2662,2017,california,grapefruit,produce,grapefruit,9400.0,9400.0,83647000.0,176000.0,0.5
2663,2017,florida,grapefruit,produce,grapefruit,33800.0,33800.0,110990000.0,330000.0,0.5
2664,2017,texas,grapefruit,produce,grapefruit,16400.0,16400.0,62280000.0,192000.0,0.5
2665,2017,california,grapes,produce,grapes,829000.0,829000.0,5847966000.0,6507000.0,0.5
2666,2017,michigan,grapes,produce,grapes,12500.0,12500.0,24075000.0,63600.0,0.5
2667,2017,missouri,grapes,produce,grapes,1700.0,1700.0,4282000.0,6130.0,0.5
2668,2017,new york,grapes,produce,grapes,33000.0,33000.0,69078000.0,187000.0,0.5
2669,2017,north carolina,grapes,produce,grapes,2300.0,2300.0,5287000.0,7210.0,0.5
2670,2017,ohio,grapes,produce,grapes,1500.0,1500.0,2964000.0,4640.0,0.5
2671,2017,oregon,grapes,produce,grapes,23000.0,23000.0,171710000.0,77000.0,0.5
2672,2017,pennsylvania,grapes,produce,grapes,13000.0,13000.0,25610000.0,91700.0,0.5
2673,2017,texas,grapes,produce,grapes,4600.0,4600.0,18891000.0,11760.0,0.5
2674,2017,virginia,grapes,produce,grapes,4200.0,4200.0,19096000.0,8810.0,0.5
2675,2017,washington,grapes,produce,grapes,73000.0,73000.0,318890000.0,419000.0,0.5
2676,2017,california,green beans,produce,green beans,7700.0,7600.0,55532000.0,39900.0,0.5
2677,2017,delaware,green beans,produce,green beans,2200.0,2200.0,2522000.0,6600.0,0.5
2678,2017,florida,green beans,produce,green beans,28000.0,27500.0,81453000.0,79750.0,0.5
2679,2017,georgia,green beans,produce,green beans,12500.0,10600.0,20124000.0,32330.0,0.5
2680,2017,illinois,green beans,produce,green beans,8000.0,7500.0,3750000.0,30000.0,0.5
2681,2017,indiana,green beans,produce,green beans,2500.0,2400.0,2893000.0,9360.0,0.5
2682,2017,maryland,green beans,produce,green beans,3000.0,3000.0,4264000.0,11100.0,0.5
2683,2017,michigan,green beans,produce,green beans,18300.0,17800.0,25898000.0,89000.0,0.5
2684,2017,minnesota,green beans,produce,green beans,4800.0,4700.0,3153000.0,24675.0,0.5
2685,2017,new jersey,green beans,produce,green beans,2800.0,2600.0,4539000.0,5070.0,0.5
2686,2017,new york,green beans,produce,green beans,25000.0,24000.0,35881000.0,87600.0,0.5
2687,2017,north carolina,green beans,produce,green beans,5100.0,5000.0,6704000.0,9250.0,0.5
2688,2017,oregon,green beans,produce,green beans,11900.0,11900.0,27429000.0,77350.0,0.5
2689,2017,pennsylvania,green beans,produce,green beans,7500.0,7200.0,10220000.0,24120.0,0.5
2690,2017,tennessee,green beans,produce,green beans,6400.0,6300.0,12580000.0,19215.0,0.5
2691,2017,texas,green beans,produce,green beans,6800.0,6700.0,3618000.0,20100.0,0.5
2692,2017,washington,green beans,produce,green beans,2700.0,2600.0,8770000.0,10270.0,0.5
2693,2017,wisconsin,green beans,produce,green beans,66600.0,62500.0,40115000.0,328125.0,0.5
2694,2017,california,honeydew,produce,honeydew,11600.0,11600.0,94192000.0,168200.0,0.5
2695,2017,california,kiwifruit,produce,kiwis,3600.0,3600.0,34860000.0,33600.0,0.5
2696,2017,arizona,lemons,produce,lemons,7300.0,7300.0,45700000.0,66000.0,0.5
2697,2017,california,lemons,produce,lemons,47000.0,47000.0,717746000.0,820000.0,0.5
2698,2017,arizona,lettuce,produce,lettuce,76500.0,75800.0,1218358000.0,1185550.0,0.5
2699,2017,california,lettuce,produce,lettuce,250500.0,249500.0,3017377000.0,3783375.0,0.5
2700,2017,california,nectarines,produce,nectarines,16000.0,16000.0,118337000.0,132000.0,0.5
2701,2017,washington,nectarines,produce,nectarines,1000.0,1000.0,9918000.0,9850.0,0.5
2702,2017,california,onions,produce,onions,45000.0,44800.0,291568000.0,1052800.0,0.5
2703,2017,colorado,onions,produce,onions,3900.0,3600.0,39413000.0,82800.0,0.5
2704,2017,georgia,onions,produce,onions,11600.0,10800.0,128301000.0,189000.0,0.5
2705,2017,idaho,onions,produce,onions,12600.0,12500.0,74192000.0,453125.0,0.5
2706,2017,new mexico,onions,produce,onions,7300.0,7100.0,84490000.0,241400.0,0.5
2707,2017,new york,onions,produce,onions,7000.0,6900.0,50682000.0,151800.0,0.5
2708,2017,oregon,onions,produce,onions,24800.0,24500.0,138036000.0,808175.0,0.5
2709,2017,texas,onions,produce,onions,12500.0,11500.0,73913000.0,149500.0,0.5
2710,2017,washington,onions,produce,onions,30000.0,29800.0,161495000.0,990850.0,0.5
2711,2017,california,oranges,produce,oranges,152000.0,152000.0,888331000.0,1932000.0,0.5
2712,2017,florida,oranges,produce,oranges,367500.0,367500.0,1031049000.0,3098000.0,0.5
2713,2017,texas,oranges,produce,oranges,8000.0,8000.0,24298000.0,58000.0,0.5
2714,2017,oregon,boysenberries,produce,other berries,330.0,330.0,1693000.0,1000.0,0.5
2715,2017,arizona,dates,produce,other fruit,3500.0,3500.0,52135000.0,8320.0,0.5
2716,2017,california,prunes,produce,other fruit,45000.0,45000.0,207900000.0,105000.0,0.5
2717,2017,california,dates,produce,other fruit,9900.0,9900.0,150959000.0,35000.0,0.5
2718,2017,hawaii,papayas,produce,papayas,1100.0,1100.0,9400000.0,12800.0,0.5
2719,2017,alabama,peaches,produce,peaches,1500.0,1500.0,4125000.0,1500.0,0.5
2720,2017,california,peaches,produce,peaches,39300.0,39300.0,385731000.0,553000.0,0.5
2721,2017,colorado,peaches,produce,peaches,2500.0,2500.0,21051000.0,10750.0,0.5
2722,2017,georgia,peaches,produce,peaches,10000.0,10000.0,17454000.0,10000.0,0.5
2723,2017,idaho,peaches,produce,peaches,800.0,800.0,6629000.0,5220.0,0.5
2724,2017,illinois,peaches,produce,peaches,1000.0,1000.0,8588000.0,6030.0,0.5
2725,2017,maryland,peaches,produce,peaches,900.0,900.0,5264000.0,4060.0,0.5
2726,2017,michigan,peaches,produce,peaches,2200.0,2200.0,10810000.0,9600.0,0.5
2727,2017,missouri,peaches,produce,peaches,1000.0,1000.0,5212000.0,2230.0,0.5
2728,2017,new jersey,peaches,produce,peaches,4100.0,4100.0,38318000.0,24580.0,0.5
2729,2017,new york,peaches,produce,peaches,1200.0,1200.0,8135000.0,4810.0,0.5
2730,2017,north carolina,peaches,produce,peaches,800.0,800.0,2680000.0,1740.0,0.5
2731,2017,ohio,peaches,produce,peaches,900.0,900.0,8050000.0,4730.0,0.5
2732,2017,pennsylvania,peaches,produce,peaches,4000.0,4000.0,24732000.0,21400.0,0.5
2733,2017,south carolina,peaches,produce,peaches,14000.0,14000.0,17724000.0,11000.0,0.5
2734,2017,texas,peaches,produce,peaches,2700.0,2700.0,6250000.0,2700.0,0.5
2735,2017,utah,peaches,produce,peaches,1200.0,1200.0,4931000.0,3400.0,0.5
2736,2017,virginia,peaches,produce,peaches,800.0,800.0,5742000.0,4650.0,0.5
2737,2017,washington,peaches,produce,peaches,2100.0,2100.0,12232000.0,12770.0,0.5
2738,2017,west virginia,peaches,produce,peaches,950.0,950.0,6204000.0,6600.0,0.5
2739,2017,california,pears,produce,pears,10500.0,10500.0,96201000.0,195000.0,0.5
2740,2017,oregon,pears,produce,pears,14900.0,14900.0,176627000.0,226050.0,0.5
2741,2017,washington,pears,produce,pears,20800.0,20800.0,246462000.0,316400.0,0.5
2742,2017,illinois,peas,produce,peas,6400.0,5600.0,2223000.0,10360.0,0.5
2743,2017,minnesota,peas,produce,peas,49300.0,46000.0,24651000.0,96600.0,0.5
2744,2017,new york,peas,produce,peas,9700.0,8900.0,6760000.0,18245.0,0.5
2745,2017,oregon,peas,produce,peas,21500.0,20000.0,8706000.0,35000.0,0.5
2746,2017,washington,peas,produce,peas,34000.0,31200.0,28772000.0,92040.0,0.5
2747,2017,wisconsin,peas,produce,peas,23800.0,22500.0,14363000.0,48375.0,0.5
2748,2017,california,plums,produce,plums,15000.0,15000.0,114897000.0,117900.0,0.5
2749,2017,alaska,potatoes,produce,potatoes,560.0,540.0,3446000.0,7300.0,0.5
2750,2017,california,sweet potatoes,produce,potatoes,21000.0,21000.0,154287000.0,325500.0,0.5
2751,2017,california,potatoes,produce,potatoes,41700.0,41700.0,375676000.0,894700.0,0.5
2752,2017,colorado,potatoes,produce,potatoes,55900.0,55600.0,198407000.0,1061000.0,0.5
2753,2017,florida,potatoes,produce,potatoes,29000.0,28700.0,124845000.0,358750.0,0.5
2754,2017,idaho,potatoes,produce,potatoes,310000.0,310000.0,974966000.0,6742500.0,0.5
2755,2017,illinois,potatoes,produce,potatoes,8600.0,8100.0,33210000.0,166050.0,0.5
2756,2017,kansas,potatoes,produce,potatoes,4100.0,4100.0,14832000.0,77900.0,0.5
2757,2017,louisiana,sweet potatoes,produce,potatoes,10000.0,9500.0,43482000.0,109250.0,0.5
2758,2017,maine,potatoes,produce,potatoes,48000.0,47500.0,155040000.0,760000.0,0.5
2759,2017,michigan,potatoes,produce,potatoes,50000.0,49500.0,203297000.0,915750.0,0.5
2760,2017,minnesota,potatoes,produce,potatoes,46000.0,45500.0,172855000.0,921400.0,0.5
2761,2017,mississippi,sweet potatoes,produce,potatoes,30000.0,29000.0,91205000.0,246500.0,0.5
2762,2017,missouri,potatoes,produce,potatoes,8800.0,8500.0,28107000.0,121150.0,0.5
2763,2017,montana,potatoes,produce,potatoes,11100.0,11100.0,48307000.0,188700.0,0.5
2764,2017,nebraska,potatoes,produce,potatoes,19000.0,19000.0,109203000.0,451250.0,0.5
2765,2017,new york,potatoes,produce,potatoes,14500.0,14400.0,50803000.0,201600.0,0.5
2766,2017,north carolina,potatoes,produce,potatoes,16000.0,15100.0,39592000.0,173650.0,0.5
2767,2017,north carolina,sweet potatoes,produce,potatoes,90000.0,89500.0,301257000.0,984500.0,0.5
2768,2017,north dakota,potatoes,produce,potatoes,75000.0,74000.0,222955000.0,1221000.0,0.5
2769,2017,oregon,potatoes,produce,potatoes,46000.0,45900.0,198426000.0,1262250.0,0.5
2770,2017,texas,potatoes,produce,potatoes,23300.0,22800.0,135158000.0,444600.0,0.5
2771,2017,virginia,potatoes,produce,potatoes,5000.0,4500.0,19446000.0,59650.0,0.5
2772,2017,washington,potatoes,produce,potatoes,165000.0,164000.0,686602000.0,4961000.0,0.5
2773,2017,wisconsin,potatoes,produce,potatoes,71000.0,70000.0,324275000.0,1487500.0,0.5
2774,2017,california,pumpkins,produce,pumpkins,4500.0,4400.0,20742000.0,72600.0,0.5
2775,2017,illinois,pumpkins,produce,pumpkins,17900.0,17400.0,24421000.0,321900.0,0.5
2776,2017,indiana,pumpkins,produce,pumpkins,6100.0,6000.0,18457000.0,48000.0,0.5
2777,2017,michigan,pumpkins,produce,pumpkins,5300.0,4900.0,8314000.0,37975.0,0.5
2778,2017,minnesota,pumpkins,produce,pumpkins,2000.0,1800.0,3691000.0,8100.0,0.5
2779,2017,new jersey,pumpkins,produce,pumpkins,2200.0,2100.0,6101000.0,9975.0,0.5
2780,2017,new york,pumpkins,produce,pumpkins,6100.0,5600.0,11123000.0,29400.0,0.5
2781,2017,north carolina,pumpkins,produce,pumpkins,2800.0,2700.0,10437000.0,28350.0,0.5
2782,2017,ohio,pumpkins,produce,pumpkins,3800.0,3500.0,7968000.0,29750.0,0.5
2783,2017,oregon,pumpkins,produce,pumpkins,2500.0,2500.0,6514000.0,22500.0,0.5
2784,2017,pennsylvania,pumpkins,produce,pumpkins,7300.0,6900.0,19503000.0,56925.0,0.5
2785,2017,tennessee,pumpkins,produce,pumpkins,1500.0,1400.0,2132000.0,6230.0,0.5
2786,2017,texas,pumpkins,produce,pumpkins,4600.0,4500.0,23163000.0,43875.0,0.5
2787,2017,virginia,pumpkins,produce,pumpkins,3300.0,3200.0,10348000.0,36000.0,0.5
2788,2017,washington,pumpkins,produce,pumpkins,3300.0,2600.0,12604000.0,23400.0,0.5
2789,2017,wisconsin,pumpkins,produce,pumpkins,4000.0,2800.0,11023000.0,21000.0,0.5
2790,2017,california,raspberries,produce,raspberries,8550.0,8550.0,429811000.0,71640.0,0.5
2791,2017,oregon,raspberries,produce,raspberries,1700.0,1700.0,6056000.0,2700.0,0.5
2792,2017,washington,raspberries,produce,raspberries,9710.0,9710.0,58078000.0,39025.0,0.5
2793,2017,arizona,spinach,produce,spinach,12300.0,12200.0,97539000.0,91500.0,0.5
2794,2017,california,spinach,produce,spinach,47300.0,46400.0,342809000.0,255200.0,0.5
2795,2017,new jersey,spinach,produce,spinach,2300.0,2100.0,9039000.0,15750.0,0.5
2796,2017,texas,spinach,produce,spinach,3000.0,2800.0,19369000.0,33600.0,0.5
2797,2017,california,squash,produce,squash,7800.0,7700.0,45022000.0,65450.0,0.5
2798,2017,florida,squash,produce,squash,7800.0,7500.0,39095000.0,48750.0,0.5
2799,2017,georgia,squash,produce,squash,3300.0,3300.0,22180000.0,25575.0,0.5
2800,2017,michigan,squash,produce,squash,9300.0,9200.0,42838000.0,105800.0,0.5
2801,2017,new jersey,squash,produce,squash,3500.0,3300.0,16313000.0,18150.0,0.5
2802,2017,new york,squash,produce,squash,5600.0,5400.0,30737000.0,40500.0,0.5
2803,2017,north carolina,squash,produce,squash,3000.0,2800.0,12313000.0,13580.0,0.5
2804,2017,oregon,squash,produce,squash,5100.0,5000.0,17369000.0,75000.0,0.5
2805,2017,texas,squash,produce,squash,1900.0,1700.0,9746000.0,7650.0,0.5
2806,2017,california,strawberries,produce,strawberries,38100.0,38100.0,2530903000.0,1228725.0,0.5
2807,2017,florida,strawberries,produce,strawberries,9500.0,9500.0,299114000.0,106875.0,0.5
2808,2017,new york,strawberries,produce,strawberries,1200.0,1200.0,10415000.0,2340.0,0.5
2809,2017,north carolina,strawberries,produce,strawberries,1000.0,1000.0,21308000.0,6750.0,0.5
2810,2017,oregon,strawberries,produce,strawberries,2200.0,2200.0,22048000.0,10010.0,0.5
2811,2017,washington,strawberries,produce,strawberries,1200.0,1200.0,12025000.0,5700.0,0.5
2812,2017,california,sweet corn,produce,sweet corn,34000.0,33500.0,196042000.0,318250.0,0.5
2813,2017,delaware,sweet corn,produce,sweet corn,11000.0,10800.0,19439000.0,75600.0,0.5
2814,2017,florida,sweet corn,produce,sweet corn,41700.0,39000.0,158340000.0,273000.0,0.5
2815,2017,georgia,sweet corn,produce,sweet corn,26000.0,25100.0,98393000.0,200800.0,0.5
2816,2017,idaho,sweet corn,produce,sweet corn,4100.0,3900.0,11548000.0,21450.0,0.5
2817,2017,illinois,sweet corn,produce,sweet corn,15000.0,14200.0,11792000.0,95850.0,0.5
2818,2017,indiana,sweet corn,produce,sweet corn,4000.0,3900.0,9126000.0,17550.0,0.5
2819,2017,maryland,sweet corn,produce,sweet corn,7200.0,7100.0,11647000.0,44375.0,0.5
2820,2017,michigan,sweet corn,produce,sweet corn,9600.0,9100.0,20930000.0,45500.0,0.5
2821,2017,minnesota,sweet corn,produce,sweet corn,120700.0,112600.0,79361000.0,928950.0,0.5
2822,2017,new jersey,sweet corn,produce,sweet corn,6400.0,6300.0,18334000.0,30555.0,0.5
2823,2017,new york,sweet corn,produce,sweet corn,26700.0,25700.0,31992000.0,167050.0,0.5
2824,2017,ohio,sweet corn,produce,sweet corn,9300.0,9000.0,20829000.0,40500.0,0.5
2825,2017,oregon,sweet corn,produce,sweet corn,24000.0,23900.0,36283000.0,227050.0,0.5
2826,2017,pennsylvania,sweet corn,produce,sweet corn,12400.0,11600.0,28488000.0,37120.0,0.5
2827,2017,washington,sweet corn,produce,sweet corn,76000.0,74000.0,94772000.0,777000.0,0.5
2828,2017,wisconsin,sweet corn,produce,sweet corn,56700.0,54900.0,44863000.0,483120.0,0.5
2829,2017,california,tangerines,produce,tangerines,59000.0,59000.0,532038000.0,956000.0,0.5
2830,2017,florida,tangerines,produce,tangerines,9400.0,9400.0,36046000.0,77000.0,0.5
2831,2017,california,tomatoes,produce,tomatoes,256000.0,247700.0,1075824000.0,11084575.0,0.5
2832,2017,florida,tomatoes,produce,tomatoes,29000.0,28000.0,262020000.0,420000.0,0.5
2833,2017,indiana,tomatoes,produce,tomatoes,8000.0,7800.0,30519000.0,230100.0,0.5
2834,2017,michigan,tomatoes,produce,tomatoes,5700.0,5500.0,35987000.0,154000.0,0.5
2835,2017,new jersey,tomatoes,produce,tomatoes,4100.0,4000.0,39202000.0,56000.0,0.5
2836,2017,north carolina,tomatoes,produce,tomatoes,3300.0,3200.0,46116000.0,52800.0,0.5
2837,2017,ohio,tomatoes,produce,tomatoes,5600.0,5500.0,48626000.0,134750.0,0.5
2838,2017,south carolina,tomatoes,produce,tomatoes,2900.0,2800.0,34429000.0,51800.0,0.5
2839,2017,tennessee,tomatoes,produce,tomatoes,3800.0,3600.0,61719000.0,63900.0,0.5
2840,2017,virginia,tomatoes,produce,tomatoes,2500.0,2400.0,43518000.0,34800.0,0.5
2841,2017,arizona,watermelon,produce,watermelons,5000.0,3500.0,42359000.0,90125.0,0.5
2842,2017,california,watermelon,produce,watermelons,10800.0,10600.0,117348000.0,310050.0,0.5
2843,2017,delaware,watermelon,produce,watermelons,4000.0,3900.0,8736000.0,54600.0,0.5
2844,2017,florida,watermelon,produce,watermelons,22400.0,22000.0,152944000.0,434500.0,0.5
2845,2017,georgia,watermelon,produce,watermelons,22000.0,20900.0,84231000.0,397100.0,0.5
2846,2017,indiana,watermelon,produce,watermelons,6300.0,6200.0,27017000.0,128650.0,0.5
2847,2017,maryland,watermelon,produce,watermelons,4100.0,3700.0,12321000.0,55500.0,0.5
2848,2017,missouri,watermelon,produce,watermelons,3100.0,3000.0,8445000.0,35250.0,0.5
2849,2017,north carolina,watermelon,produce,watermelons,7300.0,7100.0,22705000.0,106500.0,0.5
2850,2017,south carolina,watermelon,produce,watermelons,5000.0,4900.0,26276000.0,107800.0,0.5
2851,2017,texas,watermelon,produce,watermelons,25000.0,22000.0,91651000.0,319000.0,0.5
2852,2018,alabama,pecans,dry goods,nuts and seeds,8000.0,8000.0,2366000.0,800.0,0.5
2853,2018,alabama,peanuts,dry goods,nuts and seeds,165000.0,161000.0,114566000.0,285775.0,0.5
2854,2018,arizona,pecans,dry goods,nuts and seeds,17000.0,17000.0,52173000.0,13950.0,0.5
2855,2018,arkansas,peanuts,dry goods,nuts and seeds,26000.0,23000.0,21850000.0,56350.0,0.5
2856,2018,california,almonds,dry goods,nuts and seeds,1090000.0,1090000.0,5602500000.0,1140000.0,0.5
2857,2018,california,pistachios,dry goods,nuts and seeds,264000.0,264000.0,2615550000.0,493500.0,0.5
2858,2018,california,walnuts,dry goods,nuts and seeds,350000.0,350000.0,916650000.0,679000.0,0.5
2859,2018,california,pecans,dry goods,nuts and seeds,3500.0,3500.0,7400000.0,1850.0,0.5
2860,2018,florida,peanuts,dry goods,nuts and seeds,155000.0,143000.0,104328000.0,282425.0,0.5
2861,2018,georgia,pecans,dry goods,nuts and seeds,120000.0,120000.0,113400000.0,35000.0,0.5
2862,2018,georgia,peanuts,dry goods,nuts and seeds,665000.0,655000.0,592963000.0,1437725.0,0.5
2863,2018,hawaii,macadamias,dry goods,nuts and seeds,16900.0,16900.0,42007000.0,17650.0,0.5
2864,2018,louisiana,pecans,dry goods,nuts and seeds,13400.0,13400.0,5954000.0,3015.0,0.5
2865,2018,mississippi,peanuts,dry goods,nuts and seeds,25000.0,24000.0,19392000.0,46800.0,0.5
2866,2018,new mexico,pecans,dry goods,nuts and seeds,45000.0,45000.0,169290000.0,44550.0,0.5
2867,2018,new mexico,peanuts,dry goods,nuts and seeds,5500.0,5500.0,4818000.0,7837.5,0.5
2868,2018,north carolina,peanuts,dry goods,nuts and seeds,102000.0,98000.0,87906000.0,189630.0,0.5
2869,2018,oklahoma,pecans,dry goods,nuts and seeds,90000.0,90000.0,14884000.0,4500.0,0.5
2870,2018,oklahoma,peanuts,dry goods,nuts and seeds,16000.0,15000.0,10881000.0,23025.0,0.5
2871,2018,oregon,hazelnuts,dry goods,nuts and seeds,44000.0,44000.0,91800000.0,52000.0,0.5
2872,2018,south carolina,peanuts,dry goods,nuts and seeds,87000.0,80000.0,59384000.0,136000.0,0.5
2873,2018,texas,pecans,dry goods,nuts and seeds,112000.0,112000.0,56064000.0,16800.0,0.5
2874,2018,texas,peanuts,dry goods,nuts and seeds,155000.0,145000.0,131588000.0,232000.0,0.5
2875,2018,virginia,peanuts,dry goods,nuts and seeds,24000.0,24000.0,22277000.0,50400.0,0.5
2876,2018,california,olives,dry goods,"pickles, olives, and pickled vegetables",37500.0,37500.0,40523000.0,53600.0,0.5
2877,2018,california,apples,produce,apples,12400.0,12400.0,66047000.0,124000.0,0.5
2878,2018,michigan,apples,produce,apples,32000.0,32000.0,285104000.0,517500.0,0.5
2879,2018,new york,apples,produce,apples,42000.0,42000.0,262345000.0,697500.0,0.5
2880,2018,oregon,apples,produce,apples,5000.0,5000.0,55180000.0,85000.0,0.5
2881,2018,pennsylvania,apples,produce,apples,19500.0,19500.0,107637000.0,244000.0,0.5
2882,2018,virginia,apples,produce,apples,9700.0,9700.0,37256000.0,102000.0,0.5
2883,2018,washington,apples,produce,apples,170000.0,170000.0,2140650000.0,3350000.0,0.5
2884,2018,california,apricots,produce,apricots,9600.0,9600.0,38055000.0,31700.0,0.5
2885,2018,washington,apricots,produce,apricots,1000.0,1000.0,9414000.0,7850.0,0.5
2886,2018,california,artichokes,produce,artichokes,6900.0,6900.0,63032000.0,50025.0,0.5
2887,2018,california,asparagus,produce,asparagus,6200.0,6000.0,26552000.0,9000.0,0.5
2888,2018,michigan,asparagus,produce,asparagus,10000.0,9500.0,23275000.0,13300.0,0.5
2889,2018,new jersey,asparagus,produce,asparagus,2200.0,2100.0,11562000.0,3465.0,0.5
2890,2018,washington,asparagus,produce,asparagus,4500.0,4100.0,26195000.0,13325.0,0.5
2891,2018,california,avocados,produce,avocados,47000.0,47000.0,388170000.0,171000.0,0.5
2892,2018,florida,avocados,produce,avocados,5800.0,5800.0,15568000.0,13900.0,0.5
2893,2018,hawaii,avocados,produce,avocados,840.0,840.0,1774800.0,870.0,0.5
2894,2018,california,peppers,produce,bell peppers,13600.0,13500.0,210007000.0,303750.0,0.5
2895,2018,florida,peppers,produce,bell peppers,12400.0,11900.0,180642000.0,178500.0,0.5
2896,2018,georgia,peppers,produce,bell peppers,3400.0,3200.0,40110000.0,42400.0,0.5
2897,2018,michigan,peppers,produce,bell peppers,2100.0,2000.0,18220000.0,24000.0,0.5
2898,2018,new jersey,peppers,produce,bell peppers,3500.0,3400.0,39726000.0,46750.0,0.5
2899,2018,new york,peppers,produce,bell peppers,1600.0,1400.0,8455000.0,7700.0,0.5
2900,2018,north carolina,peppers,produce,bell peppers,2300.0,2000.0,15685000.0,20000.0,0.5
2901,2018,ohio,peppers,produce,bell peppers,1500.0,1400.0,12040000.0,14000.0,0.5
2902,2018,pennsylvania,peppers,produce,bell peppers,1200.0,900.0,8422000.0,7650.0,0.5
2903,2018,california,blueberries,produce,blueberries,6600.0,6600.0,139755000.0,32450.0,0.5
2904,2018,florida,blueberries,produce,blueberries,5200.0,5200.0,60404000.0,10250.0,0.5
2905,2018,georgia,blueberries,produce,blueberries,13300.0,13300.0,87258000.0,27250.0,0.5
2906,2018,maine,blueberries,produce,blueberries,18800.0,18800.0,23815000.0,25200.0,0.5
2907,2018,michigan,blueberries,produce,blueberries,19700.0,19700.0,70226000.0,35050.0,0.5
2908,2018,new jersey,blueberries,produce,blueberries,9000.0,9000.0,62441000.0,22250.0,0.5
2909,2018,north carolina,blueberries,produce,blueberries,7500.0,7500.0,57304000.0,16900.0,0.5
2910,2018,oregon,blueberries,produce,blueberries,13500.0,13500.0,180730000.0,68750.0,0.5
2911,2018,washington,blueberries,produce,blueberries,14400.0,14400.0,139177000.0,68250.0,0.5
2912,2018,arizona,broccoli,produce,broccoli,10900.0,10900.0,59122000.0,65400.0,0.5
2913,2018,california,broccoli,produce,broccoli,104000.0,103000.0,679405000.0,798250.0,0.5
2914,2018,arizona,cabbage,produce,cabbage,3300.0,3300.0,33495000.0,82500.0,0.5
2915,2018,california,cabbage,produce,cabbage,14700.0,14200.0,181533000.0,241400.0,0.5
2916,2018,florida,cabbage,produce,cabbage,9300.0,8900.0,62806000.0,160200.0,0.5
2917,2018,georgia,cabbage,produce,cabbage,4300.0,2900.0,14845000.0,58000.0,0.5
2918,2018,michigan,cabbage,produce,cabbage,3800.0,3700.0,14327000.0,64750.0,0.5
2919,2018,new york,cabbage,produce,cabbage,11000.0,10100.0,52862000.0,196950.0,0.5
2920,2018,north carolina,cabbage,produce,cabbage,3000.0,2800.0,10120000.0,32200.0,0.5
2921,2018,texas,cabbage,produce,cabbage,5500.0,5000.0,27405000.0,67500.0,0.5
2922,2018,wisconsin,cabbage,produce,cabbage,3400.0,3300.0,10698000.0,66825.0,0.5
2923,2018,arizona,cantaloupe,produce,cantaloupe,16400.0,16300.0,86977000.0,187450.0,0.5
2924,2018,california,cantaloupe,produce,cantaloupe,32000.0,31500.0,187819000.0,417375.0,0.5
2925,2018,indiana,cantaloupe,produce,cantaloupe,1800.0,1700.0,8606000.0,19125.0,0.5
2926,2018,north carolina,cantaloupe,produce,cantaloupe,1300.0,1200.0,4544000.0,15300.0,0.5
2927,2018,pennsylvania,cantaloupe,produce,cantaloupe,1000.0,900.0,4148000.0,5400.0,0.5
2928,2018,texas,cantaloupe,produce,cantaloupe,2100.0,2000.0,5060000.0,11000.0,0.5
2929,2018,california,carrots,produce,carrots,64800.0,64300.0,687631000.0,1929000.0,0.5
2930,2018,michigan,carrots,produce,carrots,4200.0,4000.0,14456000.0,76000.0,0.5
2931,2018,texas,carrots,produce,carrots,1700.0,1600.0,3785000.0,20000.0,0.5
2932,2018,washington,carrots,produce,carrots,6000.0,5900.0,19982000.0,182900.0,0.5
2933,2018,wisconsin,carrots,produce,carrots,4100.0,4000.0,7092000.0,86000.0,0.5
2934,2018,arizona,cauliflower,produce,cauliflower,6100.0,6100.0,79739000.0,57950.0,0.5
2935,2018,california,cauliflower,produce,cauliflower,39000.0,38800.0,354752000.0,417100.0,0.5
2936,2018,california,celery,produce,celery,28400.0,28300.0,417347000.0,820700.0,0.5
2937,2018,michigan,celery,produce,celery,2000.0,1900.0,19471000.0,55100.0,0.5
2938,2018,california,cherries,produce,cherries,32000.0,32000.0,140395000.0,44800.0,0.5
2939,2018,michigan,cherries,produce,cherries,26500.0,26500.0,37936000.0,100500.0,0.5
2940,2018,oregon,cherries,produce,cherries,13000.0,13000.0,70835000.0,54600.0,0.5
2941,2018,utah,cherries,produce,cherries,3100.0,3100.0,9102000.0,22500.0,0.5
2942,2018,washington,cherries,produce,cherries,40000.0,40000.0,426470000.0,245000.0,0.5
2943,2018,wisconsin,cherries,produce,cherries,1500.0,1500.0,1928000.0,5450.0,0.5
2944,2018,arizona,chili peppers,produce,chili peppers,1100.0,1100.0,2660000.0,3300.0,0.5
2945,2018,california,chili peppers,produce,chili peppers,2700.0,2700.0,29468000.0,51975.0,0.5
2946,2018,new mexico,chili peppers,produce,chili peppers,8400.0,7900.0,53766000.0,71100.0,0.5
2947,2018,texas,chili peppers,produce,chili peppers,2700.0,2500.0,8873000.0,6875.0,0.5
2948,2018,massachusetts,cranberries,produce,cranberries,12700.0,12700.0,60916000.0,114500.0,0.5
2949,2018,new jersey,cranberries,produce,cranberries,3100.0,3100.0,14886000.0,25600.0,0.5
2950,2018,oregon,cranberries,produce,cranberries,2800.0,2800.0,15101000.0,28950.0,0.5
2951,2018,wisconsin,cranberries,produce,cranberries,20700.0,20700.0,154859000.0,277250.0,0.5
2952,2018,alabama,cucumbers,produce,cucumbers,6000.0,5900.0,15379000.0,30975.0,0.5
2953,2018,california,cucumbers,produce,cucumbers,8100.0,8100.0,33781000.0,83025.0,0.5
2954,2018,florida,cucumbers,produce,cucumbers,25000.0,24900.0,118524000.0,211650.0,0.5
2955,2018,georgia,cucumbers,produce,cucumbers,10200.0,9400.0,35212000.0,70500.0,0.5
2956,2018,michigan,cucumbers,produce,cucumbers,35000.0,34400.0,55418000.0,206400.0,0.5
2957,2018,new jersey,cucumbers,produce,cucumbers,2600.0,2600.0,7028000.0,12220.0,0.5
2958,2018,north carolina,cucumbers,produce,cucumbers,10600.0,9600.0,25582000.0,74400.0,0.5
2959,2018,ohio,cucumbers,produce,cucumbers,1900.0,1900.0,4983000.0,14725.0,0.5
2960,2018,texas,cucumbers,produce,cucumbers,5700.0,4900.0,8746000.0,23765.0,0.5
2961,2018,wisconsin,cucumbers,produce,cucumbers,5100.0,5100.0,12913000.0,30600.0,0.5
2962,2018,california,garlic,produce,garlic,29900.0,29900.0,412587000.0,261625.0,0.5
2963,2018,california,grapefruit,produce,grapefruit,9300.0,9300.0,69690000.0,160000.0,0.5
2964,2018,florida,grapefruit,produce,grapefruit,29800.0,29800.0,73200000.0,165000.0,0.5
2965,2018,texas,grapefruit,produce,grapefruit,15700.0,15700.0,65080000.0,192000.0,0.5
2966,2018,california,grapes,produce,grapes,863000.0,863000.0,6260348000.0,7130000.0,0.5
2967,2018,washington,grapes,produce,grapes,74000.0,74000.0,360910000.0,466000.0,0.5
2968,2018,california,green beans,produce,green beans,8000.0,7900.0,69008000.0,45425.0,0.5
2969,2018,delaware,green beans,produce,green beans,1900.0,1700.0,2385000.0,5100.0,0.5
2970,2018,florida,green beans,produce,green beans,29000.0,27600.0,58702000.0,69000.0,0.5
2971,2018,georgia,green beans,produce,green beans,12200.0,11900.0,28025000.0,27965.0,0.5
2972,2018,illinois,green beans,produce,green beans,9000.0,8800.0,9294000.0,40040.0,0.5
2973,2018,indiana,green beans,produce,green beans,2700.0,2600.0,3123000.0,9360.0,0.5
2974,2018,maryland,green beans,produce,green beans,3000.0,3000.0,3456000.0,9000.0,0.5
2975,2018,michigan,green beans,produce,green beans,21000.0,18200.0,21520000.0,68250.0,0.5
2976,2018,minnesota,green beans,produce,green beans,2900.0,2800.0,4714000.0,10780.0,0.5
2977,2018,new jersey,green beans,produce,green beans,2900.0,2700.0,5986000.0,5940.0,0.5
2978,2018,new york,green beans,produce,green beans,28000.0,26300.0,34023000.0,105200.0,0.5
2979,2018,north carolina,green beans,produce,green beans,5600.0,4800.0,8020000.0,10800.0,0.5
2980,2018,oregon,green beans,produce,green beans,11600.0,11500.0,23596000.0,71875.0,0.5
2981,2018,pennsylvania,green beans,produce,green beans,8000.0,7400.0,8057000.0,21830.0,0.5
2982,2018,tennessee,green beans,produce,green beans,7900.0,7100.0,10544000.0,13490.0,0.5
2983,2018,texas,green beans,produce,green beans,3000.0,2800.0,5723000.0,9800.0,0.5
2984,2018,washington,green beans,produce,green beans,3200.0,3200.0,7856000.0,12320.0,0.5
2985,2018,wisconsin,green beans,produce,green beans,67000.0,63500.0,47877000.0,317500.0,0.5
2986,2018,california,honeydew,produce,honeydew,12400.0,12400.0,75342000.0,192200.0,0.5
2987,2018,california,kiwifruit,produce,kiwis,3900.0,3900.0,55566000.0,37800.0,0.5
2988,2018,arizona,lemons,produce,lemons,7300.0,7300.0,34197000.0,40000.0,0.5
2989,2018,california,lemons,produce,lemons,47000.0,47000.0,681564000.0,848000.0,0.5
2990,2018,arizona,lettuce,produce,lettuce,75500.0,75200.0,890461000.0,1158550.0,0.5
2991,2018,california,lettuce,produce,lettuce,213500.0,210400.0,1786564000.0,2867550.0,0.5
2992,2018,california,nectarines,produce,nectarines,14000.0,14000.0,104626000.0,120500.0,0.5
2993,2018,california,onions,produce,onions,41600.0,41000.0,240220000.0,922500.0,0.5
2994,2018,colorado,onions,produce,onions,4100.0,2600.0,27261000.0,58500.0,0.5
2995,2018,georgia,onions,produce,onions,11600.0,10800.0,110519000.0,140400.0,0.5
2996,2018,idaho,onions,produce,onions,8500.0,8400.0,48668000.0,373800.0,0.5
2997,2018,new mexico,onions,produce,onions,7200.0,7100.0,79591000.0,209450.0,0.5
2998,2018,new york,onions,produce,onions,7800.0,7500.0,42752000.0,112500.0,0.5
2999,2018,oregon,onions,produce,onions,19500.0,19300.0,100339000.0,774700.0,0.5
3000,2018,texas,onions,produce,onions,12500.0,11000.0,61380000.0,165000.0,0.5
3001,2018,washington,onions,produce,onions,22000.0,21900.0,176211000.0,865050.0,0.5
3002,2018,california,oranges,produce,oranges,147000.0,147000.0,1093052000.0,1816000.0,0.5
3003,2018,florida,oranges,produce,oranges,361800.0,361800.0,701855000.0,2028000.0,0.5
3004,2018,texas,oranges,produce,oranges,8700.0,8700.0,35538000.0,80000.0,0.5
3005,2018,arizona,dates,produce,other fruit,3500.0,3500.0,66066000.0,11050.0,0.5
3006,2018,california,prunes,produce,other fruit,44000.0,44000.0,168080000.0,88000.0,0.5
3007,2018,california,dates,produce,other fruit,11500.0,11500.0,86109000.0,30000.0,0.5
3008,2018,hawaii,papayas,produce,papayas,800.0,800.0,5702000.0,5200.0,0.5
3009,2018,california,peaches,produce,peaches,36000.0,36000.0,304213000.0,479000.0,0.5
3010,2018,colorado,peaches,produce,peaches,2500.0,2500.0,28140000.0,15000.0,0.5
3011,2018,georgia,peaches,produce,peaches,10000.0,10000.0,23868000.0,26000.0,0.5
3012,2018,michigan,peaches,produce,peaches,2400.0,2400.0,12642000.0,12000.0,0.5
3013,2018,new jersey,peaches,produce,peaches,4100.0,4100.0,41048000.0,23000.0,0.5
3014,2018,pennsylvania,peaches,produce,peaches,3700.0,3700.0,20670000.0,17400.0,0.5
3015,2018,south carolina,peaches,produce,peaches,14000.0,14000.0,71546000.0,65800.0,0.5
3016,2018,washington,peaches,produce,peaches,2000.0,2000.0,9099000.0,13300.0,0.5
3017,2018,california,pears,produce,pears,10700.0,10700.0,77344000.0,161500.0,0.5
3018,2018,oregon,pears,produce,pears,15000.0,15000.0,140966000.0,246000.0,0.5
3019,2018,washington,pears,produce,pears,20600.0,20600.0,210630000.0,398000.0,0.5
3020,2018,illinois,peas,produce,peas,4400.0,4000.0,2477000.0,8400.0,0.5
3021,2018,minnesota,peas,produce,peas,52000.0,45800.0,17306000.0,66410.0,0.5
3022,2018,new york,peas,produce,peas,6900.0,6700.0,3351000.0,12395.0,0.5
3023,2018,oregon,peas,produce,peas,19800.0,18900.0,7190000.0,28350.0,0.5
3024,2018,washington,peas,produce,peas,33000.0,32400.0,22766000.0,89100.0,0.5
3025,2018,wisconsin,peas,produce,peas,24900.0,23300.0,11811000.0,48930.0,0.5
3026,2018,california,plums,produce,plums,15000.0,15000.0,92570000.0,107500.0,0.5
3027,2018,alaska,potatoes,produce,potatoes,500.0,500.0,4802000.0,7000.0,0.5
3028,2018,arkansas,sweet potatoes,produce,potatoes,5200.0,4800.0,24499000.0,52800.0,0.5
3029,2018,california,potatoes,produce,potatoes,38500.0,38300.0,221508000.0,772850.0,0.5
3030,2018,california,sweet potatoes,produce,potatoes,21000.0,21000.0,183372000.0,388500.0,0.5
3031,2018,colorado,potatoes,produce,potatoes,55300.0,55000.0,216786000.0,1086100.0,0.5
3032,2018,florida,sweet potatoes,produce,potatoes,6500.0,5800.0,38895000.0,40600.0,0.5
3033,2018,florida,potatoes,produce,potatoes,22000.0,20800.0,89846000.0,275600.0,0.5
3034,2018,idaho,potatoes,produce,potatoes,315000.0,315000.0,1027688000.0,7087500.0,0.5
3035,2018,illinois,potatoes,produce,potatoes,7700.0,7600.0,25679000.0,142500.0,0.5
3036,2018,kansas,potatoes,produce,potatoes,3300.0,3300.0,13395000.0,70950.0,0.5
3037,2018,louisiana,sweet potatoes,produce,potatoes,8500.0,8300.0,44000000.0,110000.0,0.5
3038,2018,maine,potatoes,produce,potatoes,49000.0,48500.0,166889000.0,751750.0,0.5
3039,2018,maryland,potatoes,produce,potatoes,2200.0,2000.0,5967000.0,25500.0,0.5
3040,2018,michigan,potatoes,produce,potatoes,50000.0,48000.0,191520000.0,912000.0,0.5
3041,2018,minnesota,potatoes,produce,potatoes,44000.0,43500.0,180316000.0,935250.0,0.5
3042,2018,mississippi,sweet potatoes,produce,potatoes,27000.0,26000.0,81900000.0,227500.0,0.5
3043,2018,missouri,potatoes,produce,potatoes,7800.0,7400.0,18981000.0,83250.0,0.5
3044,2018,montana,potatoes,produce,potatoes,11100.0,11100.0,50117000.0,194250.0,0.5
3045,2018,nebraska,potatoes,produce,potatoes,19500.0,19300.0,100978000.0,463200.0,0.5
3046,2018,new jersey,potatoes,produce,potatoes,2000.0,2000.0,4722000.0,26500.0,0.5
3047,2018,new york,potatoes,produce,potatoes,14300.0,13400.0,47409000.0,194300.0,0.5
3048,2018,north carolina,sweet potatoes,produce,potatoes,82000.0,78500.0,261562000.0,549500.0,0.5
3049,2018,north carolina,potatoes,produce,potatoes,13000.0,12200.0,28511000.0,115900.0,0.5
3050,2018,north dakota,potatoes,produce,potatoes,74500.0,73000.0,226099000.0,1186250.0,0.5
3051,2018,oregon,potatoes,produce,potatoes,45000.0,45000.0,201690000.0,1350000.0,0.5
3052,2018,texas,potatoes,produce,potatoes,18000.0,17500.0,93719000.0,371900.0,0.5
3053,2018,virginia,potatoes,produce,potatoes,4800.0,4400.0,16544000.0,51700.0,0.5
3054,2018,washington,potatoes,produce,potatoes,160000.0,160000.0,788256000.0,5040000.0,0.5
3055,2018,wisconsin,potatoes,produce,potatoes,69000.0,67000.0,284918000.0,1356750.0,0.5
3056,2018,california,pumpkins,produce,pumpkins,5000.0,4900.0,27592000.0,67375.0,0.5
3057,2018,illinois,pumpkins,produce,pumpkins,12000.0,11000.0,13751000.0,258500.0,0.5
3058,2018,indiana,pumpkins,produce,pumpkins,5800.0,5500.0,16971000.0,63250.0,0.5
3059,2018,michigan,pumpkins,produce,pumpkins,5700.0,5400.0,14947000.0,51300.0,0.5
3060,2018,minnesota,pumpkins,produce,pumpkins,1700.0,1400.0,12369000.0,21350.0,0.5
3061,2018,new jersey,pumpkins,produce,pumpkins,2100.0,1700.0,4178000.0,5525.0,0.5
3062,2018,new york,pumpkins,produce,pumpkins,6600.0,5700.0,8037000.0,23370.0,0.5
3063,2018,north carolina,pumpkins,produce,pumpkins,2900.0,2300.0,6609000.0,12650.0,0.5
3064,2018,ohio,pumpkins,produce,pumpkins,4000.0,3700.0,11024000.0,33300.0,0.5
3065,2018,oregon,pumpkins,produce,pumpkins,2600.0,2500.0,9781000.0,33750.0,0.5
3066,2018,pennsylvania,pumpkins,produce,pumpkins,7300.0,5700.0,13852000.0,32775.0,0.5
3067,2018,tennessee,pumpkins,produce,pumpkins,1700.0,1600.0,2264000.0,5840.0,0.5
3068,2018,texas,pumpkins,produce,pumpkins,5400.0,4900.0,24069000.0,80850.0,0.5
3069,2018,virginia,pumpkins,produce,pumpkins,5800.0,5200.0,15366000.0,53300.0,0.5
3070,2018,washington,pumpkins,produce,pumpkins,2800.0,2400.0,11844000.0,15000.0,0.5
3071,2018,wisconsin,pumpkins,produce,pumpkins,4100.0,3700.0,2791000.0,12210.0,0.5
3072,2018,california,raspberries,produce,raspberries,7400.0,7400.0,331088000.0,71500.0,0.5
3073,2018,washington,raspberries,produce,raspberries,9500.0,9500.0,35913000.0,37900.0,0.5
3074,2018,arizona,spinach,produce,spinach,11400.0,11100.0,83783000.0,94350.0,0.5
3075,2018,california,spinach,produce,spinach,44900.0,44200.0,316699000.0,276250.0,0.5
3076,2018,new jersey,spinach,produce,spinach,2200.0,2000.0,5230000.0,11500.0,0.5
3077,2018,texas,spinach,produce,spinach,3000.0,2800.0,6138000.0,16100.0,0.5
3078,2018,california,squash,produce,squash,6900.0,6700.0,30973000.0,51925.0,0.5
3079,2018,michigan,squash,produce,squash,9000.0,8700.0,37072000.0,95700.0,0.5
3080,2018,new jersey,squash,produce,squash,4100.0,3500.0,8387000.0,16275.0,0.5
3081,2018,new york,squash,produce,squash,5200.0,4900.0,24174000.0,40425.0,0.5
3082,2018,north carolina,squash,produce,squash,3800.0,3500.0,18306000.0,30625.0,0.5
3083,2018,oregon,squash,produce,squash,4300.0,4300.0,13194000.0,66650.0,0.5
3084,2018,texas,squash,produce,squash,1900.0,1500.0,3481000.0,4425.0,0.5
3085,2018,california,strawberries,produce,strawberries,35300.0,35300.0,2086077000.0,1164900.0,0.5
3086,2018,florida,strawberries,produce,strawberries,9800.0,9800.0,281750000.0,122500.0,0.5
3087,2018,new york,strawberries,produce,strawberries,700.0,700.0,6229000.0,1540.0,0.5
3088,2018,north carolina,strawberries,produce,strawberries,1000.0,1000.0,21375000.0,6250.0,0.5
3089,2018,oregon,strawberries,produce,strawberries,1100.0,1100.0,11687000.0,5500.0,0.5
3090,2018,washington,strawberries,produce,strawberries,820.0,820.0,9167000.0,4305.0,0.5
3091,2018,california,sweet corn,produce,sweet corn,34000.0,33800.0,175828000.0,304200.0,0.5
3092,2018,delaware,sweet corn,produce,sweet corn,11400.0,11200.0,16633000.0,75600.0,0.5
3093,2018,florida,sweet corn,produce,sweet corn,42000.0,39700.0,142920000.0,238200.0,0.5
3094,2018,georgia,sweet corn,produce,sweet corn,30000.0,29000.0,111684000.0,217500.0,0.5
3095,2018,idaho,sweet corn,produce,sweet corn,4100.0,3900.0,12163000.0,17550.0,0.5
3096,2018,illinois,sweet corn,produce,sweet corn,15000.0,14600.0,13763000.0,91250.0,0.5
3097,2018,indiana,sweet corn,produce,sweet corn,4500.0,4100.0,8959000.0,19475.0,0.5
3098,2018,maryland,sweet corn,produce,sweet corn,8300.0,8100.0,13994000.0,48600.0,0.5
3099,2018,michigan,sweet corn,produce,sweet corn,9700.0,9100.0,19256000.0,41860.0,0.5
3100,2018,minnesota,sweet corn,produce,sweet corn,114400.0,110600.0,81899000.0,774200.0,0.5
3101,2018,new jersey,sweet corn,produce,sweet corn,6500.0,6400.0,13868000.0,27840.0,0.5
3102,2018,new york,sweet corn,produce,sweet corn,30600.0,26600.0,36257000.0,139650.0,0.5
3103,2018,ohio,sweet corn,produce,sweet corn,9800.0,9100.0,23342000.0,43225.0,0.5
3104,2018,oregon,sweet corn,produce,sweet corn,29000.0,28900.0,44492000.0,296225.0,0.5
3105,2018,pennsylvania,sweet corn,produce,sweet corn,13000.0,10600.0,24745000.0,30210.0,0.5
3106,2018,washington,sweet corn,produce,sweet corn,74000.0,72000.0,84080000.0,828000.0,0.5
3107,2018,wisconsin,sweet corn,produce,sweet corn,59300.0,56400.0,40181000.0,479400.0,0.5
3108,2018,california,tangerines,produce,tangerines,62000.0,62000.0,556024000.0,768000.0,0.5
3109,2018,florida,tangerines,produce,tangerines,9300.0,9300.0,19952000.0,36000.0,0.5
3110,2018,california,tomatoes,produce,tomatoes,266000.0,260600.0,1197642000.0,12769400.0,0.5
3111,2018,florida,tomatoes,produce,tomatoes,29000.0,27000.0,344131000.0,378000.0,0.5
3112,2018,indiana,tomatoes,produce,tomatoes,7800.0,7600.0,31530000.0,247000.0,0.5
3113,2018,michigan,tomatoes,produce,tomatoes,5200.0,5000.0,35352000.0,137500.0,0.5
3114,2018,new jersey,tomatoes,produce,tomatoes,4200.0,4100.0,42411000.0,47150.0,0.5
3115,2018,north carolina,tomatoes,produce,tomatoes,3500.0,3000.0,33845000.0,43500.0,0.5
3116,2018,ohio,tomatoes,produce,tomatoes,5500.0,5400.0,52173000.0,140400.0,0.5
3117,2018,south carolina,tomatoes,produce,tomatoes,3300.0,3200.0,44881000.0,57600.0,0.5
3118,2018,tennessee,tomatoes,produce,tomatoes,4200.0,4000.0,54176000.0,62000.0,0.5
3119,2018,virginia,tomatoes,produce,tomatoes,2100.0,2000.0,27774000.0,21000.0,0.5
3120,2018,california,watermelon,produce,watermelons,12000.0,11900.0,116369000.0,321300.0,0.5
3121,2018,delaware,watermelon,produce,watermelons,3900.0,3800.0,11286000.0,51300.0,0.5
3122,2018,florida,watermelon,produce,watermelons,22600.0,22500.0,160866000.0,405000.0,0.5
3123,2018,georgia,watermelon,produce,watermelons,23000.0,20600.0,76438000.0,267800.0,0.5
3124,2018,indiana,watermelon,produce,watermelons,6600.0,6500.0,27915000.0,152750.0,0.5
3125,2018,maryland,watermelon,produce,watermelons,3700.0,3500.0,10395000.0,52500.0,0.5
3126,2018,north carolina,watermelon,produce,watermelons,7700.0,7300.0,22314000.0,91250.0,0.5
3127,2018,south carolina,watermelon,produce,watermelons,4500.0,4300.0,17174000.0,49450.0,0.5
3128,2018,texas,watermelon,produce,watermelons,24000.0,23000.0,143387000.0,391000.0,0.5
